Pavilion,Module,Item,Sub Item,Requirement,Technical Note,Role Description,Implementation Level,Verified,Urgent,Last Updated,Owner Team,Estimated Resolution Time,Operational Status
SOFA 2026 Pavilion A - Immersive Experiences,Access Control,Table and chair setup,Public-facing desk,Review sparse hierarchy assignment,Simulated note: no production source connected in this public dataset.,Operational audit analyst,In Progress,No,No,2026-04-30T03:39,Infrastructure,2 hours,On Track
SOFA 2026 Pavilion B - Artist Alley,Furniture Deployment,Floor plan validation,Main aisle,Align role description with owner team,Simulated note: verification can proceed after handoff evidence.,Operational audit analyst,Planned,No,No,2026-06-03T05:20,Venue Logistics,67 hours,Pending Verification
SOFA 2026 Pavilion C - Esports Arena,Furniture Deployment,Floor plan validation,Main aisle,Confirm implementation tracking milestone,Simulated note: verification can proceed after handoff evidence.,Verification reviewer,Implemented,Yes,No,2026-04-20T04:45,Safety Review,56 hours,Complete
SOFA 2026 Pavilion D - Maker Lab,Access Control,Cable protection,Control point,Update technical note for field team,Simulated note: no production source connected in this public dataset.,Verification reviewer,Verified,Yes,No,2026-05-26T00:51,Safety Review,63 hours,Complete
SOFA 2026 Pavilion E - Retail Corridor,Furniture Deployment,Emergency corridor clearance,Storage corner,Review sparse hierarchy assignment,Simulated note: dependency requires module-level review.,Operational audit analyst,Implemented,No,No,2026-06-07T05:06,Infrastructure,17 hours,Pending Verification
SOFA 2026 Pavilion F - Food Court,Furniture Deployment,Cable protection,Main aisle,Review sparse hierarchy assignment,Simulated note: field observation added for audit traceability.,Operational audit analyst,Implemented,No,No,2026-05-04T01:25,Infrastructure,39 hours,Complete
SOFA 2026 Pavilion G - Auditorium,Electrical Layout,Table and chair setup,Main aisle,Review sparse hierarchy assignment,Simulated note: field observation added for audit traceability.,Logistics support team,Not Started,No,No,2026-06-06T23:23,Safety Review,57 hours,At Risk
SOFA 2026 Pavilion A - Immersive Experiences,Signal Routing,Table and chair setup,Public-facing desk,Check verification workflow status,Simulated note: field observation added for audit traceability.,Implementation tracker,Verified,Yes,No,2026-04-13T22:44,Safety Review,63 hours,Complete
SOFA 2026 Pavilion B - Artist Alley,Electrical Layout,Cable protection,,Confirm implementation tracking milestone,Simulated note: field observation added for audit traceability.,Logistics support team,Verified,Yes,No,2026-05-23T12:28,Technical Production,12 hours,Complete
SOFA 2026 Pavilion C - Esports Arena,Signal Routing,Cable protection,Control point,Resolve urgent requirement before pavilion handoff,Simulated note: no production source connected in this public dataset.,Implementation tracker,Planned,No,No,2026-05-16T12:00,Safety Review,18 hours,Complete
SOFA 2026 Pavilion D - Maker Lab,Signal Routing,Operational briefing,Zone marker,Document operational audit evidence,Simulated note: field observation added for audit traceability.,Pavilion coordinator,In Progress,No,Yes,2026-06-15T17:32,Operations Control,51 hours,On Track
SOFA 2026 Pavilion E - Retail Corridor,Electrical Layout,Directional signage,Main aisle,Review sparse hierarchy assignment,Simulated note: verification can proceed after handoff evidence.,Pavilion coordinator,Verified,Yes,No,2026-04-04T08:32,Safety Review,61 hours,Complete
SOFA 2026 Pavilion F - Food Court,Signal Routing,Stand readiness,,Update technical note for field team,Simulated note: pending site confirmation with operations lead.,Implementation tracker,Implemented,Yes,No,2026-05-14T22:38,Venue Logistics,24 hours,Complete
SOFA 2026 Pavilion G - Auditorium,Electrical Layout,Stand readiness,,Resolve urgent requirement before pavilion handoff,Simulated note: no production source connected in this public dataset.,Implementation tracker,Verified,Yes,Yes,2026-04-25T23:45,Technical Production,19 hours,Complete
SOFA 2026 Pavilion A - Immersive Experiences,Furniture Deployment,Emergency corridor clearance,Control point,Review sparse hierarchy assignment,Simulated note: field observation added for audit traceability.,Verification reviewer,In Progress,No,No,2026-05-10T13:22,Safety Review,24 hours,On Track
SOFA 2026 Pavilion B - Artist Alley,,Equipment reception,,Review sparse hierarchy assignment,Simulated note: verification can proceed after handoff evidence.,Operational audit analyst,In Progress,Yes,No,2026-04-13T14:14,Technical Production,25 hours,Complete
SOFA 2026 Pavilion C - Esports Arena,Furniture Deployment,Operational briefing,Main aisle,Document operational audit evidence,Simulated note: no production source connected in this public dataset.,Verification reviewer,Verified,Yes,No,2026-06-08T14:07,Technical Production,36 hours,Complete
SOFA 2026 Pavilion D - Maker Lab,Safety Inspection,Equipment reception,Zone marker,Validate logistics dashboard record consistency,Simulated note: no production source connected in this public dataset.,Verification reviewer,Planned,No,Yes,2026-04-15T05:03,Exhibitor Services,10 hours,At Risk
SOFA 2026 Pavilion E - Retail Corridor,Signal Routing,Stand readiness,Back wall,Confirm implementation tracking milestone,Simulated note: verification can proceed after handoff evidence.,Pavilion coordinator,Planned,No,Yes,2026-05-03T21:00,Operations Control,46 hours,At Risk
SOFA 2026 Pavilion F - Food Court,Signal Routing,Equipment reception,Storage corner,Validate logistics dashboard record consistency,Simulated note: verification can proceed after handoff evidence.,Logistics support team,Implemented,No,No,2026-05-12T03:13,Venue Logistics,34 hours,Complete
SOFA 2026 Pavilion G - Auditorium,Signal Routing,Stand readiness,Main aisle,Validate logistics dashboard record consistency,Simulated note: verification can proceed after handoff evidence.,Operational audit analyst,Verified,Yes,No,2026-05-26T08:18,Exhibitor Services,4 hours,Complete
SOFA 2026 Pavilion A - Immersive Experiences,Queue Management,Equipment reception,Secondary aisle,Check verification workflow status,Simulated note: pending site confirmation with operations lead.,Operational audit analyst,Planned,Yes,No,2026-04-16T11:02,Technical Production,18 hours,Complete
SOFA 2026 Pavilion B - Artist Alley,,Floor plan validation,Public-facing desk,Update technical note for field team,Simulated note: verification can proceed after handoff evidence.,Implementation tracker,In Progress,No,No,2026-04-17T13:34,Infrastructure,4 hours,On Track
SOFA 2026 Pavilion C - Esports Arena,Signal Routing,Equipment reception,,Check verification workflow status,Simulated note: verification can proceed after handoff evidence.,Field operations lead,In Progress,No,No,2026-06-15T10:53,Technical Production,42 hours,On Track
SOFA 2026 Pavilion D - Maker Lab,Signal Routing,Stand readiness,Storage corner,Align role description with owner team,Simulated note: dependency requires module-level review.,Logistics support team,Implemented,No,Yes,2026-06-05T12:59,Exhibitor Services,45 hours,On Track
SOFA 2026 Pavilion E - Retail Corridor,Signal Routing,Floor plan validation,Storage corner,Resolve urgent requirement before pavilion handoff,Simulated note: field observation added for audit traceability.,Pavilion coordinator,In Progress,No,No,2026-06-14T17:12,Exhibitor Services,68 hours,At Risk
SOFA 2026 Pavilion F - Food Court,Queue Management,Power drop mapping,,Document operational audit evidence,Simulated note: no production source connected in this public dataset.,Verification reviewer,Implemented,No,Yes,2026-05-04T12:45,Technical Production,7 hours,At Risk
SOFA 2026 Pavilion G - Auditorium,Safety Inspection,Table and chair setup,Storage corner,Align role description with owner team,Simulated note: no production source connected in this public dataset.,Verification reviewer,In Progress,No,No,2026-06-05T11:05,Exhibitor Services,7 hours,Pending Verification
SOFA 2026 Pavilion A - Immersive Experiences,Branding Installation,Directional signage,Back wall,Confirm implementation tracking milestone,Simulated note: no production source connected in this public dataset.,Field operations lead,Implemented,No,No,2026-05-07T19:08,Safety Review,56 hours,On Track
SOFA 2026 Pavilion B - Artist Alley,Queue Management,Directional signage,,Align role description with owner team,Simulated note: pending site confirmation with operations lead.,Verification reviewer,Planned,No,Yes,2026-04-21T08:56,Exhibitor Services,29 hours,At Risk
SOFA 2026 Pavilion C - Esports Arena,Branding Installation,Power drop mapping,Main aisle,Validate logistics dashboard record consistency,Simulated note: verification can proceed after handoff evidence.,Operational audit analyst,Implemented,No,Yes,2026-04-15T07:04,Safety Review,17 hours,On Track
SOFA 2026 Pavilion D - Maker Lab,Branding Installation,Cable protection,,Review sparse hierarchy assignment,Simulated note: verification can proceed after handoff evidence.,Verification reviewer,Planned,No,No,2026-05-15T10:04,Venue Logistics,30 hours,Complete
SOFA 2026 Pavilion E - Retail Corridor,Safety Inspection,Table and chair setup,Control point,Document operational audit evidence,Simulated note: verification can proceed after handoff evidence.,Verification reviewer,In Progress,No,No,2026-06-03T20:20,Safety Review,50 hours,Complete
SOFA 2026 Pavilion F - Food Court,Safety Inspection,Table and chair setup,Control point,Check verification workflow status,Simulated note: dependency requires module-level review.,Logistics support team,In Progress,No,No,2026-05-13T11:20,Venue Logistics,36 hours,At Risk
SOFA 2026 Pavilion G - Auditorium,Safety Inspection,Directional signage,Storage corner,Confirm implementation tracking milestone,Simulated note: no production source connected in this public dataset.,Field operations lead,Verified,Yes,No,2026-05-09T02:29,Exhibitor Services,54 hours,Complete
SOFA 2026 Pavilion A - Immersive Experiences,Branding Installation,Power drop mapping,Secondary aisle,Confirm implementation tracking milestone,Simulated note: field observation added for audit traceability.,Field operations lead,Implemented,No,No,2026-06-10T00:13,Infrastructure,3 hours,Complete
SOFA 2026 Pavilion B - Artist Alley,,Credential checkpoint,Back wall,Validate logistics dashboard record consistency,Simulated note: verification can proceed after handoff evidence.,Verification reviewer,Implemented,Yes,No,2026-05-31T23:21,Operations Control,28 hours,Complete
SOFA 2026 Pavilion C - Esports Arena,Branding Installation,Credential checkpoint,Back wall,Review sparse hierarchy assignment,Simulated note: dependency requires module-level review.,Logistics support team,Planned,No,Yes,2026-06-08T08:06,Venue Logistics,23 hours,Pending Verification
SOFA 2026 Pavilion D - Maker Lab,Inventory Handoff,Cable protection,Storage corner,Confirm implementation tracking milestone,Simulated note: dependency requires module-level review.,Logistics support team,Not Started,No,No,2026-04-18T11:01,Venue Logistics,67 hours,Blocked
SOFA 2026 Pavilion E - Retail Corridor,Queue Management,Credential checkpoint,Main aisle,Confirm implementation tracking milestone,Simulated note: field observation added for audit traceability.,Implementation tracker,Implemented,No,No,2026-05-03T23:56,Operations Control,63 hours,Blocked
SOFA 2026 Pavilion F - Food Court,Branding Installation,Emergency corridor clearance,,Update technical note for field team,Simulated note: pending site confirmation with operations lead.,Field operations lead,Verified,Yes,No,2026-06-06T07:25,Venue Logistics,67 hours,Complete
SOFA 2026 Pavilion G - Auditorium,Inventory Handoff,Operational briefing,Secondary aisle,Align role description with owner team,Simulated note: verification can proceed after handoff evidence.,Implementation tracker,Implemented,No,No,2026-06-06T00:38,Operations Control,24 hours,On Track
SOFA 2026 Pavilion A - Immersive Experiences,Inventory Handoff,Stand readiness,Storage corner,Resolve urgent requirement before pavilion handoff,Simulated note: no production source connected in this public dataset.,Implementation tracker,In Progress,No,Yes,2026-04-28T08:29,Exhibitor Services,64 hours,Blocked
SOFA 2026 Pavilion B - Artist Alley,Branding Installation,Stand readiness,Zone marker,Resolve urgent requirement before pavilion handoff,Simulated note: dependency requires module-level review.,Implementation tracker,Implemented,No,No,2026-06-09T03:46,Venue Logistics,9 hours,Pending Verification
SOFA 2026 Pavilion C - Esports Arena,Access Control,Cable protection,Zone marker,Resolve urgent requirement before pavilion handoff,Simulated note: pending site confirmation with operations lead.,Implementation tracker,In Progress,No,No,2026-06-10T06:22,Venue Logistics,21 hours,On Track
SOFA 2026 Pavilion D - Maker Lab,Inventory Handoff,Equipment reception,Storage corner,Resolve urgent requirement before pavilion handoff,Simulated note: verification can proceed after handoff evidence.,Implementation tracker,In Progress,No,Yes,2026-05-18T01:05,Venue Logistics,67 hours,On Track
SOFA 2026 Pavilion E - Retail Corridor,,Stand readiness,Public-facing desk,Document operational audit evidence,Simulated note: pending site confirmation with operations lead.,Operational audit analyst,Not Started,Yes,No,2026-05-03T18:48,Venue Logistics,57 hours,Complete
SOFA 2026 Pavilion F - Food Court,Branding Installation,Credential checkpoint,Secondary aisle,Document operational audit evidence,Simulated note: verification can proceed after handoff evidence.,Field operations lead,Planned,No,No,2026-06-08T21:46,Venue Logistics,58 hours,At Risk
SOFA 2026 Pavilion G - Auditorium,Access Control,Floor plan validation,Zone marker,Validate logistics dashboard record consistency,Simulated note: dependency requires module-level review.,Implementation tracker,In Progress,No,Yes,2026-04-11T19:45,Venue Logistics,57 hours,On Track
SOFA 2026 Pavilion A - Immersive Experiences,Inventory Handoff,Equipment reception,,Review sparse hierarchy assignment,Simulated note: no production source connected in this public dataset.,Operational audit analyst,Not Started,No,No,2026-05-05T17:47,Exhibitor Services,47 hours,Complete
SOFA 2026 Pavilion B - Artist Alley,Access Control,Operational briefing,Public-facing desk,Align role description with owner team,Simulated note: verification can proceed after handoff evidence.,Field operations lead,Planned,Yes,No,2026-05-20T03:40,Operations Control,61 hours,Complete
SOFA 2026 Pavilion C - Esports Arena,Access Control,Equipment reception,,Validate logistics dashboard record consistency,Simulated note: no production source connected in this public dataset.,Operational audit analyst,In Progress,No,No,2026-05-06T17:02,Technical Production,15 hours,Complete
SOFA 2026 Pavilion D - Maker Lab,,Power drop mapping,Storage corner,Validate logistics dashboard record consistency,Simulated note: dependency requires module-level review.,Logistics support team,Verified,Yes,No,2026-04-20T18:08,Exhibitor Services,4 hours,Complete
SOFA 2026 Pavilion E - Retail Corridor,Inventory Handoff,Operational briefing,Control point,Document operational audit evidence,Simulated note: verification can proceed after handoff evidence.,Field operations lead,Implemented,No,No,2026-05-14T06:09,Safety Review,33 hours,Complete
SOFA 2026 Pavilion F - Food Court,Access Control,Equipment reception,Control point,Update technical note for field team,Simulated note: field observation added for audit traceability.,Logistics support team,In Progress,No,No,2026-04-24T22:12,Operations Control,65 hours,At Risk
SOFA 2026 Pavilion G - Auditorium,Inventory Handoff,Power drop mapping,,Align role description with owner team,Simulated note: no production source connected in this public dataset.,Logistics support team,Implemented,No,No,2026-06-06T18:17,Infrastructure,69 hours,On Track
SOFA 2026 Pavilion A - Immersive Experiences,Access Control,Table and chair setup,Storage corner,Update technical note for field team,Simulated note: pending site confirmation with operations lead.,Implementation tracker,In Progress,No,Yes,2026-05-22T11:51,Infrastructure,8 hours,On Track
SOFA 2026 Pavilion B - Artist Alley,Electrical Layout,Floor plan validation,Public-facing desk,Validate logistics dashboard record consistency,Simulated note: field observation added for audit traceability.,Logistics support team,In Progress,No,Yes,2026-04-05T14:45,Venue Logistics,6 hours,On Track
SOFA 2026 Pavilion C - Esports Arena,Electrical Layout,Table and chair setup,,Check verification workflow status,Simulated note: pending site confirmation with operations lead.,Implementation tracker,Verified,Yes,No,2026-04-26T04:41,Venue Logistics,10 hours,Complete
SOFA 2026 Pavilion D - Maker Lab,Electrical Layout,Floor plan validation,Public-facing desk,Document operational audit evidence,Simulated note: field observation added for audit traceability.,Pavilion coordinator,Not Started,No,Yes,2026-04-11T06:46,Technical Production,47 hours,At Risk
SOFA 2026 Pavilion E - Retail Corridor,Access Control,Cable protection,Zone marker,Resolve urgent requirement before pavilion handoff,Simulated note: dependency requires module-level review.,Implementation tracker,In Progress,Yes,Yes,2026-06-11T10:28,Technical Production,27 hours,Complete
SOFA 2026 Pavilion F - Food Court,Furniture Deployment,Table and chair setup,Zone marker,Document operational audit evidence,Simulated note: field observation added for audit traceability.,Field operations lead,In Progress,No,No,2026-04-03T19:04,Infrastructure,43 hours,At Risk
SOFA 2026 Pavilion G - Auditorium,Access Control,Directional signage,Secondary aisle,Align role description with owner team,Simulated note: pending site confirmation with operations lead.,Field operations lead,In Progress,Yes,No,2026-06-04T04:26,Venue Logistics,4 hours,Complete
SOFA 2026 Pavilion A - Immersive Experiences,Signal Routing,Directional signage,Public-facing desk,Confirm implementation tracking milestone,Simulated note: pending site confirmation with operations lead.,Verification reviewer,Planned,No,No,2026-06-14T05:36,Venue Logistics,24 hours,On Track
SOFA 2026 Pavilion B - Artist Alley,Signal Routing,Cable protection,Zone marker,Confirm implementation tracking milestone,Simulated note: no production source connected in this public dataset.,Logistics support team,Implemented,No,No,2026-06-05T05:30,Exhibitor Services,20 hours,Complete
SOFA 2026 Pavilion C - Esports Arena,Furniture Deployment,Directional signage,Back wall,Align role description with owner team,Simulated note: field observation added for audit traceability.,Pavilion coordinator,Not Started,No,No,2026-04-01T22:37,Safety Review,37 hours,At Risk
SOFA 2026 Pavilion D - Maker Lab,Furniture Deployment,Emergency corridor clearance,Zone marker,Validate logistics dashboard record consistency,Simulated note: no production source connected in this public dataset.,Logistics support team,Implemented,No,No,2026-05-23T23:18,Operations Control,28 hours,Pending Verification
SOFA 2026 Pavilion E - Retail Corridor,Electrical Layout,Cable protection,Storage corner,Resolve urgent requirement before pavilion handoff,Simulated note: no production source connected in this public dataset.,Verification reviewer,Implemented,No,No,2026-05-12T13:51,Venue Logistics,70 hours,Complete
SOFA 2026 Pavilion F - Food Court,Furniture Deployment,Directional signage,Back wall,Resolve urgent requirement before pavilion handoff,Simulated note: no production source connected in this public dataset.,Verification reviewer,Implemented,No,No,2026-05-04T19:55,Operations Control,27 hours,Complete
SOFA 2026 Pavilion G - Auditorium,Furniture Deployment,Cable protection,Main aisle,Confirm implementation tracking milestone,Simulated note: no production source connected in this public dataset.,Logistics support team,Verified,Yes,No,2026-05-20T04:31,Exhibitor Services,40 hours,Complete
SOFA 2026 Pavilion A - Immersive Experiences,Signal Routing,Cable protection,Public-facing desk,Align role description with owner team,Simulated note: verification can proceed after handoff evidence.,Operational audit analyst,Verified,Yes,No,2026-06-05T17:51,Technical Production,30 hours,Complete
SOFA 2026 Pavilion B - Artist Alley,Furniture Deployment,Credential checkpoint,,Validate logistics dashboard record consistency,Simulated note: dependency requires module-level review.,Implementation tracker,In Progress,No,No,2026-05-03T01:37,Infrastructure,64 hours,At Risk
SOFA 2026 Pavilion C - Esports Arena,Safety Inspection,Operational briefing,,Document operational audit evidence,Simulated note: field observation added for audit traceability.,Pavilion coordinator,In Progress,No,No,2026-04-05T01:05,Safety Review,46 hours,On Track
SOFA 2026 Pavilion D - Maker Lab,,Stand readiness,,Align role description with owner team,Simulated note: dependency requires module-level review.,Operational audit analyst,Verified,Yes,No,2026-05-12T17:57,Venue Logistics,54 hours,Complete
SOFA 2026 Pavilion E - Retail Corridor,Furniture Deployment,Cable protection,,Align role description with owner team,Simulated note: dependency requires module-level review.,Implementation tracker,Verified,Yes,Yes,2026-06-02T18:38,Safety Review,61 hours,Complete
SOFA 2026 Pavilion F - Food Court,Furniture Deployment,Equipment reception,Control point,Review sparse hierarchy assignment,Simulated note: pending site confirmation with operations lead.,Operational audit analyst,Implemented,No,No,2026-05-30T21:56,Safety Review,46 hours,On Track
SOFA 2026 Pavilion G - Auditorium,Safety Inspection,Emergency corridor clearance,Back wall,Update technical note for field team,Simulated note: pending site confirmation with operations lead.,Verification reviewer,Verified,Yes,No,2026-04-09T16:45,Infrastructure,3 hours,Complete
SOFA 2026 Pavilion A - Immersive Experiences,Signal Routing,Equipment reception,,Update technical note for field team,Simulated note: pending site confirmation with operations lead.,Logistics support team,Implemented,No,No,2026-04-15T06:14,Technical Production,35 hours,At Risk
SOFA 2026 Pavilion B - Artist Alley,Safety Inspection,Equipment reception,,Check verification workflow status,Simulated note: no production source connected in this public dataset.,Operational audit analyst,Verified,Yes,No,2026-06-07T13:33,Exhibitor Services,54 hours,Complete
SOFA 2026 Pavilion C - Esports Arena,Queue Management,Stand readiness,Main aisle,Validate logistics dashboard record consistency,Simulated note: no production source connected in this public dataset.,Implementation tracker,Planned,No,No,2026-05-17T00:19,Operations Control,27 hours,At Risk
SOFA 2026 Pavilion D - Maker Lab,Queue Management,Floor plan validation,Control point,Update technical note for field team,Simulated note: pending site confirmation with operations lead.,Verification reviewer,In Progress,No,No,2026-05-14T20:41,Safety Review,59 hours,Pending Verification
SOFA 2026 Pavilion E - Retail Corridor,Queue Management,Equipment reception,Secondary aisle,Update technical note for field team,Simulated note: field observation added for audit traceability.,Pavilion coordinator,Implemented,No,No,2026-05-15T16:50,Technical Production,4 hours,At Risk
SOFA 2026 Pavilion F - Food Court,Queue Management,Equipment reception,Main aisle,Confirm implementation tracking milestone,Simulated note: dependency requires module-level review.,Implementation tracker,In Progress,No,Yes,2026-05-26T16:24,Operations Control,11 hours,Pending Verification
SOFA 2026 Pavilion G - Auditorium,Signal Routing,Stand readiness,Public-facing desk,Confirm implementation tracking milestone,Simulated note: verification can proceed after handoff evidence.,Implementation tracker,Not Started,No,No,2026-05-29T11:43,Operations Control,55 hours,Blocked
SOFA 2026 Pavilion A - Immersive Experiences,Safety Inspection,Stand readiness,Zone marker,Review sparse hierarchy assignment,Simulated note: no production source connected in this public dataset.,Field operations lead,Implemented,Yes,Yes,2026-06-16T07:46,Operations Control,38 hours,Complete
SOFA 2026 Pavilion B - Artist Alley,Queue Management,Floor plan validation,Public-facing desk,Resolve urgent requirement before pavilion handoff,Simulated note: no production source connected in this public dataset.,Operational audit analyst,In Progress,No,No,2026-05-24T17:09,Venue Logistics,8 hours,Complete
SOFA 2026 Pavilion C - Esports Arena,Safety Inspection,Power drop mapping,,Resolve urgent requirement before pavilion handoff,Simulated note: field observation added for audit traceability.,Implementation tracker,Verified,Yes,No,2026-04-19T08:18,Exhibitor Services,61 hours,Complete
SOFA 2026 Pavilion D - Maker Lab,Branding Installation,Directional signage,,Align role description with owner team,Simulated note: field observation added for audit traceability.,Pavilion coordinator,Planned,No,No,2026-04-04T11:12,Operations Control,48 hours,Pending Verification
SOFA 2026 Pavilion E - Retail Corridor,Branding Installation,Equipment reception,,Document operational audit evidence,Simulated note: field observation added for audit traceability.,Logistics support team,Planned,No,No,2026-06-09T01:07,Exhibitor Services,19 hours,On Track
SOFA 2026 Pavilion F - Food Court,Safety Inspection,Floor plan validation,Zone marker,Align role description with owner team,Simulated note: field observation added for audit traceability.,Pavilion coordinator,Planned,No,Yes,2026-05-31T19:12,Venue Logistics,19 hours,On Track
SOFA 2026 Pavilion G - Auditorium,Branding Installation,Table and chair setup,,Check verification workflow status,Simulated note: dependency requires module-level review.,Verification reviewer,Implemented,No,Yes,2026-04-30T07:17,Safety Review,52 hours,Blocked
SOFA 2026 Pavilion A - Immersive Experiences,Inventory Handoff,Floor plan validation,Zone marker,Confirm implementation tracking milestone,Simulated note: pending site confirmation with operations lead.,Verification reviewer,Planned,Yes,No,2026-04-10T23:20,Safety Review,13 hours,Complete
SOFA 2026 Pavilion B - Artist Alley,Queue Management,Power drop mapping,,Check verification workflow status,Simulated note: field observation added for audit traceability.,Logistics support team,Verified,Yes,Yes,2026-04-26T08:40,Safety Review,44 hours,Complete
SOFA 2026 Pavilion C - Esports Arena,Inventory Handoff,Emergency corridor clearance,Secondary aisle,Align role description with owner team,Simulated note: dependency requires module-level review.,Logistics support team,Planned,No,No,2026-06-03T06:27,Exhibitor Services,69 hours,Pending Verification
SOFA 2026 Pavilion D - Maker Lab,Branding Installation,Cable protection,,Confirm implementation tracking milestone,Simulated note: field observation added for audit traceability.,Implementation tracker,In Progress,No,No,2026-04-03T21:29,Venue Logistics,62 hours,Complete
SOFA 2026 Pavilion E - Retail Corridor,Branding Installation,Power drop mapping,Back wall,Check verification workflow status,Simulated note: dependency requires module-level review.,Operational audit analyst,Implemented,No,No,2026-04-16T15:27,Venue Logistics,3 hours,On Track
SOFA 2026 Pavilion F - Food Court,Queue Management,Table and chair setup,Zone marker,Check verification workflow status,Simulated note: field observation added for audit traceability.,Verification reviewer,Implemented,No,No,2026-04-17T14:44,Safety Review,57 hours,At Risk
SOFA 2026 Pavilion G - Auditorium,Inventory Handoff,Emergency corridor clearance,Control point,Check verification workflow status,Simulated note: verification can proceed after handoff evidence.,Field operations lead,Planned,No,No,2026-06-10T07:38,Infrastructure,44 hours,Complete
SOFA 2026 Pavilion A - Immersive Experiences,Access Control,Table and chair setup,Back wall,Check verification workflow status,Simulated note: no production source connected in this public dataset.,Operational audit analyst,Verified,Yes,No,2026-05-29T13:14,Safety Review,60 hours,Complete
SOFA 2026 Pavilion B - Artist Alley,Branding Installation,Emergency corridor clearance,Control point,Align role description with owner team,Simulated note: pending site confirmation with operations lead.,Operational audit analyst,Verified,Yes,No,2026-04-13T04:02,Technical Production,67 hours,Complete
SOFA 2026 Pavilion C - Esports Arena,Inventory Handoff,Emergency corridor clearance,Secondary aisle,Align role description with owner team,Simulated note: dependency requires module-level review.,Verification reviewer,In Progress,Yes,No,2026-04-09T00:55,Technical Production,36 hours,Complete
SOFA 2026 Pavilion D - Maker Lab,Branding Installation,Emergency corridor clearance,,Resolve urgent requirement before pavilion handoff,Simulated note: verification can proceed after handoff evidence.,Verification reviewer,Verified,Yes,No,2026-06-01T16:29,Safety Review,3 hours,Complete
SOFA 2026 Pavilion E - Retail Corridor,Branding Installation,Operational briefing,,Validate logistics dashboard record consistency,Simulated note: pending site confirmation with operations lead.,Pavilion coordinator,Verified,Yes,No,2026-06-12T06:00,Venue Logistics,7 hours,Complete
SOFA 2026 Pavilion F - Food Court,Access Control,Credential checkpoint,Back wall,Resolve urgent requirement before pavilion handoff,Simulated note: field observation added for audit traceability.,Implementation tracker,Implemented,Yes,No,2026-06-15T11:28,Infrastructure,6 hours,Complete
SOFA 2026 Pavilion G - Auditorium,Inventory Handoff,Operational briefing,,Update technical note for field team,Simulated note: field observation added for audit traceability.,Pavilion coordinator,Not Started,Yes,No,2026-05-29T06:33,Operations Control,41 hours,Complete
SOFA 2026 Pavilion A - Immersive Experiences,Access Control,Credential checkpoint,,Document operational audit evidence,Simulated note: pending site confirmation with operations lead.,Pavilion coordinator,In Progress,Yes,Yes,2026-05-01T09:03,Exhibitor Services,23 hours,Complete
SOFA 2026 Pavilion B - Artist Alley,Access Control,Credential checkpoint,Back wall,Confirm implementation tracking milestone,Simulated note: pending site confirmation with operations lead.,Implementation tracker,Implemented,No,No,2026-05-14T19:11,Safety Review,58 hours,At Risk
SOFA 2026 Pavilion C - Esports Arena,Inventory Handoff,Equipment reception,Control point,Resolve urgent requirement before pavilion handoff,Simulated note: no production source connected in this public dataset.,Field operations lead,Implemented,No,No,2026-05-28T23:01,Technical Production,23 hours,Complete
SOFA 2026 Pavilion D - Maker Lab,Inventory Handoff,Floor plan validation,Zone marker,Review sparse hierarchy assignment,Simulated note: pending site confirmation with operations lead.,Logistics support team,Verified,Yes,Yes,2026-04-25T14:31,Safety Review,17 hours,Complete
SOFA 2026 Pavilion E - Retail Corridor,Access Control,Floor plan validation,Storage corner,Review sparse hierarchy assignment,Simulated note: verification can proceed after handoff evidence.,Verification reviewer,Verified,Yes,Yes,2026-04-14T17:31,Exhibitor Services,71 hours,Complete
SOFA 2026 Pavilion F - Food Court,Access Control,Credential checkpoint,Public-facing desk,Resolve urgent requirement before pavilion handoff,Simulated note: verification can proceed after handoff evidence.,Logistics support team,In Progress,No,No,2026-05-21T23:26,Safety Review,27 hours,On Track
SOFA 2026 Pavilion G - Auditorium,Access Control,Power drop mapping,Storage corner,Update technical note for field team,Simulated note: dependency requires module-level review.,Logistics support team,Implemented,Yes,Yes,2026-04-21T20:16,Infrastructure,5 hours,Complete
SOFA 2026 Pavilion A - Immersive Experiences,Furniture Deployment,Power drop mapping,Zone marker,Confirm implementation tracking milestone,Simulated note: verification can proceed after handoff evidence.,Implementation tracker,Implemented,Yes,No,2026-04-19T06:46,Safety Review,22 hours,Complete
SOFA 2026 Pavilion B - Artist Alley,Furniture Deployment,Stand readiness,,Review sparse hierarchy assignment,Simulated note: pending site confirmation with operations lead.,Verification reviewer,Verified,Yes,No,2026-05-17T09:24,Operations Control,42 hours,Complete
SOFA 2026 Pavilion C - Esports Arena,Access Control,Power drop mapping,Zone marker,Update technical note for field team,Simulated note: no production source connected in this public dataset.,Verification reviewer,Verified,Yes,Yes,2026-05-01T07:40,Venue Logistics,57 hours,Complete
SOFA 2026 Pavilion D - Maker Lab,Furniture Deployment,Equipment reception,Public-facing desk,Resolve urgent requirement before pavilion handoff,Simulated note: pending site confirmation with operations lead.,Field operations lead,Verified,Yes,No,2026-04-18T22:25,Technical Production,53 hours,Complete
SOFA 2026 Pavilion E - Retail Corridor,Furniture Deployment,Stand readiness,Back wall,Update technical note for field team,Simulated note: no production source connected in this public dataset.,Operational audit analyst,Planned,No,No,2026-05-29T09:01,Technical Production,44 hours,At Risk
SOFA 2026 Pavilion F - Food Court,Access Control,Power drop mapping,Secondary aisle,Validate logistics dashboard record consistency,Simulated note: pending site confirmation with operations lead.,Field operations lead,Planned,No,No,2026-05-12T09:04,Venue Logistics,8 hours,Complete
SOFA 2026 Pavilion G - Auditorium,Electrical Layout,Floor plan validation,Main aisle,Document operational audit evidence,Simulated note: dependency requires module-level review.,Field operations lead,Verified,Yes,No,2026-05-31T10:41,Exhibitor Services,11 hours,Complete
SOFA 2026 Pavilion A - Immersive Experiences,Furniture Deployment,Power drop mapping,Main aisle,Document operational audit evidence,Simulated note: pending site confirmation with operations lead.,Operational audit analyst,In Progress,Yes,No,2026-06-09T08:49,Operations Control,7 hours,Complete
SOFA 2026 Pavilion B - Artist Alley,Electrical Layout,Floor plan validation,,Validate logistics dashboard record consistency,Simulated note: verification can proceed after handoff evidence.,Logistics support team,Planned,No,Yes,2026-04-21T08:23,Infrastructure,34 hours,At Risk
SOFA 2026 Pavilion C - Esports Arena,Electrical Layout,Cable protection,Public-facing desk,Update technical note for field team,Simulated note: pending site confirmation with operations lead.,Implementation tracker,Verified,Yes,No,2026-06-07T12:51,Exhibitor Services,18 hours,Complete
SOFA 2026 Pavilion D - Maker Lab,Signal Routing,Floor plan validation,Storage corner,Document operational audit evidence,Simulated note: field observation added for audit traceability.,Logistics support team,Verified,Yes,Yes,2026-04-29T06:51,Safety Review,64 hours,Complete
SOFA 2026 Pavilion E - Retail Corridor,Furniture Deployment,Power drop mapping,Zone marker,Check verification workflow status,Simulated note: dependency requires module-level review.,Operational audit analyst,In Progress,Yes,No,2026-05-21T00:44,Safety Review,36 hours,Complete
SOFA 2026 Pavilion F - Food Court,Electrical Layout,Table and chair setup,Storage corner,Confirm implementation tracking milestone,Simulated note: verification can proceed after handoff evidence.,Field operations lead,Implemented,No,No,2026-05-04T07:40,Safety Review,13 hours,At Risk
SOFA 2026 Pavilion G - Auditorium,Electrical Layout,Emergency corridor clearance,Control point,Confirm implementation tracking milestone,Simulated note: no production source connected in this public dataset.,Operational audit analyst,Planned,No,No,2026-05-08T02:25,Operations Control,45 hours,At Risk
SOFA 2026 Pavilion A - Immersive Experiences,Signal Routing,Cable protection,Control point,Validate logistics dashboard record consistency,Simulated note: pending site confirmation with operations lead.,Logistics support team,Implemented,No,No,2026-04-22T20:34,Technical Production,53 hours,Complete
SOFA 2026 Pavilion B - Artist Alley,,Cable protection,Storage corner,Document operational audit evidence,Simulated note: dependency requires module-level review.,Operational audit analyst,In Progress,No,No,2026-05-02T22:11,Safety Review,2 hours,Pending Verification
SOFA 2026 Pavilion C - Esports Arena,Signal Routing,Cable protection,Public-facing desk,Resolve urgent requirement before pavilion handoff,Simulated note: pending site confirmation with operations lead.,Field operations lead,In Progress,No,No,2026-05-10T01:03,Infrastructure,57 hours,On Track
SOFA 2026 Pavilion D - Maker Lab,Furniture Deployment,Cable protection,Control point,Validate logistics dashboard record consistency,Simulated note: pending site confirmation with operations lead.,Pavilion coordinator,Not Started,No,No,2026-05-13T15:46,Operations Control,68 hours,At Risk
SOFA 2026 Pavilion E - Retail Corridor,,Credential checkpoint,Control point,Confirm implementation tracking milestone,Simulated note: pending site confirmation with operations lead.,Field operations lead,In Progress,Yes,Yes,2026-04-17T13:54,Safety Review,20 hours,Complete
SOFA 2026 Pavilion F - Food Court,Safety Inspection,Operational briefing,Main aisle,Document operational audit evidence,Simulated note: pending site confirmation with operations lead.,Operational audit analyst,Planned,No,No,2026-05-20T07:51,Safety Review,36 hours,On Track
SOFA 2026 Pavilion G - Auditorium,Signal Routing,Operational briefing,,Check verification workflow status,Simulated note: pending site confirmation with operations lead.,Field operations lead,Planned,Yes,Yes,2026-05-31T22:28,Exhibitor Services,29 hours,Complete
SOFA 2026 Pavilion A - Immersive Experiences,Safety Inspection,Credential checkpoint,,Confirm implementation tracking milestone,Simulated note: dependency requires module-level review.,Implementation tracker,In Progress,No,No,2026-04-19T04:22,Infrastructure,11 hours,At Risk
SOFA 2026 Pavilion B - Artist Alley,Signal Routing,Operational briefing,Public-facing desk,Document operational audit evidence,Simulated note: pending site confirmation with operations lead.,Implementation tracker,Implemented,No,No,2026-04-22T22:53,Technical Production,36 hours,On Track
SOFA 2026 Pavilion C - Esports Arena,Queue Management,Stand readiness,Control point,Check verification workflow status,Simulated note: dependency requires module-level review.,Verification reviewer,Not Started,No,No,2026-05-18T12:39,Safety Review,43 hours,Pending Verification
SOFA 2026 Pavilion D - Maker Lab,Safety Inspection,Equipment reception,,Update technical note for field team,Simulated note: verification can proceed after handoff evidence.,Verification reviewer,In Progress,No,No,2026-05-08T18:09,Operations Control,11 hours,At Risk
SOFA 2026 Pavilion E - Retail Corridor,Signal Routing,Operational briefing,Public-facing desk,Check verification workflow status,Simulated note: verification can proceed after handoff evidence.,Field operations lead,In Progress,No,No,2026-06-13T21:23,Operations Control,5 hours,On Track
SOFA 2026 Pavilion F - Food Court,Safety Inspection,Stand readiness,,Align role description with owner team,Simulated note: field observation added for audit traceability.,Pavilion coordinator,Implemented,No,No,2026-04-01T11:13,Exhibitor Services,5 hours,Blocked
SOFA 2026 Pavilion G - Auditorium,Queue Management,Operational briefing,Storage corner,Validate logistics dashboard record consistency,Simulated note: pending site confirmation with operations lead.,Pavilion coordinator,Verified,Yes,No,2026-05-14T04:49,Operations Control,16 hours,Complete
SOFA 2026 Pavilion A - Immersive Experiences,Branding Installation,Stand readiness,Control point,Align role description with owner team,Simulated note: dependency requires module-level review.,Logistics support team,Implemented,No,No,2026-04-09T19:06,Venue Logistics,19 hours,On Track
SOFA 2026 Pavilion B - Artist Alley,Safety Inspection,Operational briefing,Public-facing desk,Confirm implementation tracking milestone,Simulated note: verification can proceed after handoff evidence.,Logistics support team,Implemented,No,No,2026-04-23T04:53,Technical Production,44 hours,Pending Verification
SOFA 2026 Pavilion C - Esports Arena,Safety Inspection,Operational briefing,Secondary aisle,Validate logistics dashboard record consistency,Simulated note: field observation added for audit traceability.,Logistics support team,Implemented,Yes,No,2026-05-20T04:36,Exhibitor Services,38 hours,Complete
SOFA 2026 Pavilion D - Maker Lab,Safety Inspection,Equipment reception,Storage corner,Align role description with owner team,Simulated note: verification can proceed after handoff evidence.,Logistics support team,In Progress,No,No,2026-06-14T16:38,Exhibitor Services,57 hours,On Track
SOFA 2026 Pavilion E - Retail Corridor,Branding Installation,Equipment reception,Storage corner,Document operational audit evidence,Simulated note: verification can proceed after handoff evidence.,Pavilion coordinator,Implemented,No,No,2026-05-26T10:33,Venue Logistics,46 hours,Complete
SOFA 2026 Pavilion F - Food Court,Queue Management,Stand readiness,Public-facing desk,Validate logistics dashboard record consistency,Simulated note: verification can proceed after handoff evidence.,Field operations lead,Planned,No,No,2026-05-07T13:26,Infrastructure,33 hours,At Risk
SOFA 2026 Pavilion G - Auditorium,Safety Inspection,Power drop mapping,Control point,Update technical note for field team,Simulated note: dependency requires module-level review.,Field operations lead,Implemented,No,No,2026-04-04T23:17,Technical Production,68 hours,On Track
SOFA 2026 Pavilion A - Immersive Experiences,Inventory Handoff,Table and chair setup,,Document operational audit evidence,Simulated note: verification can proceed after handoff evidence.,Pavilion coordinator,Implemented,Yes,Yes,2026-05-05T10:33,Safety Review,42 hours,Complete
SOFA 2026 Pavilion B - Artist Alley,Branding Installation,Floor plan validation,,Confirm implementation tracking milestone,Simulated note: field observation added for audit traceability.,Verification reviewer,Planned,No,No,2026-05-17T16:46,Safety Review,58 hours,Pending Verification
SOFA 2026 Pavilion C - Esports Arena,Inventory Handoff,Equipment reception,Zone marker,Confirm implementation tracking milestone,Simulated note: dependency requires module-level review.,Logistics support team,Verified,Yes,Yes,2026-05-20T20:18,Exhibitor Services,72 hours,Complete
SOFA 2026 Pavilion D - Maker Lab,Branding Installation,Power drop mapping,Control point,Validate logistics dashboard record consistency,Simulated note: field observation added for audit traceability.,Operational audit analyst,Implemented,No,No,2026-05-19T04:29,Technical Production,67 hours,Pending Verification
SOFA 2026 Pavilion E - Retail Corridor,Branding Installation,Cable protection,Secondary aisle,Align role description with owner team,Simulated note: field observation added for audit traceability.,Verification reviewer,Planned,No,No,2026-04-16T23:38,Safety Review,56 hours,Pending Verification
SOFA 2026 Pavilion F - Food Court,Queue Management,Table and chair setup,Control point,Align role description with owner team,Simulated note: dependency requires module-level review.,Pavilion coordinator,In Progress,No,No,2026-05-23T23:03,Safety Review,25 hours,On Track
SOFA 2026 Pavilion G - Auditorium,Branding Installation,Directional signage,Storage corner,Check verification workflow status,Simulated note: pending site confirmation with operations lead.,Implementation tracker,Verified,Yes,No,2026-05-05T00:57,Infrastructure,3 hours,Complete
SOFA 2026 Pavilion A - Immersive Experiences,,Emergency corridor clearance,Public-facing desk,Confirm implementation tracking milestone,Simulated note: field observation added for audit traceability.,Operational audit analyst,Not Started,Yes,Yes,2026-05-12T22:21,Safety Review,66 hours,Complete
SOFA 2026 Pavilion B - Artist Alley,Inventory Handoff,Directional signage,Back wall,Document operational audit evidence,Simulated note: dependency requires module-level review.,Operational audit analyst,In Progress,No,Yes,2026-05-21T02:57,Operations Control,63 hours,At Risk
SOFA 2026 Pavilion C - Esports Arena,Inventory Handoff,Cable protection,Control point,Review sparse hierarchy assignment,Simulated note: dependency requires module-level review.,Operational audit analyst,Implemented,No,No,2026-04-16T11:20,Safety Review,63 hours,On Track
SOFA 2026 Pavilion D - Maker Lab,Access Control,Cable protection,Zone marker,Review sparse hierarchy assignment,Simulated note: field observation added for audit traceability.,Pavilion coordinator,In Progress,No,No,2026-04-12T13:48,Infrastructure,24 hours,On Track
SOFA 2026 Pavilion E - Retail Corridor,Access Control,Emergency corridor clearance,Zone marker,Resolve urgent requirement before pavilion handoff,Simulated note: verification can proceed after handoff evidence.,Implementation tracker,Planned,No,No,2026-04-07T02:49,Operations Control,40 hours,On Track
SOFA 2026 Pavilion F - Food Court,Branding Installation,Cable protection,Secondary aisle,Review sparse hierarchy assignment,Simulated note: verification can proceed after handoff evidence.,Verification reviewer,In Progress,Yes,No,2026-04-28T00:06,Operations Control,43 hours,Complete
SOFA 2026 Pavilion G - Auditorium,,Credential checkpoint,Main aisle,Resolve urgent requirement before pavilion handoff,Simulated note: field observation added for audit traceability.,Verification reviewer,In Progress,No,No,2026-05-18T06:09,Operations Control,12 hours,Complete
SOFA 2026 Pavilion A - Immersive Experiences,Electrical Layout,Credential checkpoint,,Resolve urgent requirement before pavilion handoff,Simulated note: field observation added for audit traceability.,Pavilion coordinator,Planned,No,No,2026-06-09T15:22,Operations Control,48 hours,Complete
SOFA 2026 Pavilion B - Artist Alley,Inventory Handoff,Stand readiness,,Document operational audit evidence,Simulated note: pending site confirmation with operations lead.,Pavilion coordinator,Verified,Yes,No,2026-05-10T21:01,Venue Logistics,6 hours,Complete
SOFA 2026 Pavilion C - Esports Arena,Access Control,Cable protection,Main aisle,Document operational audit evidence,Simulated note: pending site confirmation with operations lead.,Implementation tracker,In Progress,No,No,2026-05-28T13:44,Infrastructure,53 hours,Complete
SOFA 2026 Pavilion D - Maker Lab,Electrical Layout,Credential checkpoint,Back wall,Confirm implementation tracking milestone,Simulated note: verification can proceed after handoff evidence.,Logistics support team,Planned,No,No,2026-04-29T15:32,Venue Logistics,2 hours,At Risk
SOFA 2026 Pavilion E - Retail Corridor,Electrical Layout,Stand readiness,Public-facing desk,Document operational audit evidence,Simulated note: verification can proceed after handoff evidence.,Verification reviewer,Planned,No,Yes,2026-05-12T15:55,Safety Review,36 hours,At Risk
SOFA 2026 Pavilion F - Food Court,Access Control,Operational briefing,Zone marker,Validate logistics dashboard record consistency,Simulated note: field observation added for audit traceability.,Pavilion coordinator,Not Started,No,No,2026-05-18T03:40,Venue Logistics,26 hours,Complete
SOFA 2026 Pavilion G - Auditorium,Electrical Layout,Stand readiness,Storage corner,Confirm implementation tracking milestone,Simulated note: verification can proceed after handoff evidence.,Operational audit analyst,Not Started,No,No,2026-05-02T22:23,Technical Production,54 hours,On Track
SOFA 2026 Pavilion A - Immersive Experiences,Access Control,Stand readiness,Storage corner,Validate logistics dashboard record consistency,Simulated note: dependency requires module-level review.,Verification reviewer,Implemented,Yes,No,2026-04-29T07:55,Infrastructure,25 hours,Complete
SOFA 2026 Pavilion B - Artist Alley,,Equipment reception,,Update technical note for field team,Simulated note: dependency requires module-level review.,Operational audit analyst,In Progress,No,Yes,2026-04-25T08:32,Safety Review,30 hours,Pending Verification
SOFA 2026 Pavilion C - Esports Arena,Access Control,Equipment reception,,Check verification workflow status,Simulated note: dependency requires module-level review.,Pavilion coordinator,Planned,No,Yes,2026-04-29T21:40,Operations Control,39 hours,On Track
SOFA 2026 Pavilion D - Maker Lab,Furniture Deployment,Operational briefing,Zone marker,Validate logistics dashboard record consistency,Simulated note: field observation added for audit traceability.,Field operations lead,In Progress,No,No,2026-04-22T18:06,Exhibitor Services,63 hours,Pending Verification
SOFA 2026 Pavilion E - Retail Corridor,Electrical Layout,Floor plan validation,,Align role description with owner team,Simulated note: no production source connected in this public dataset.,Logistics support team,Implemented,No,No,2026-05-23T08:23,Infrastructure,68 hours,On Track
SOFA 2026 Pavilion F - Food Court,Access Control,Stand readiness,,Review sparse hierarchy assignment,Simulated note: verification can proceed after handoff evidence.,Operational audit analyst,Implemented,No,No,2026-04-06T03:06,Operations Control,51 hours,At Risk
SOFA 2026 Pavilion G - Auditorium,Access Control,Stand readiness,Public-facing desk,Document operational audit evidence,Simulated note: field observation added for audit traceability.,Operational audit analyst,In Progress,No,No,2026-05-05T22:38,Technical Production,17 hours,At Risk
SOFA 2026 Pavilion A - Immersive Experiences,Furniture Deployment,Power drop mapping,Storage corner,Update technical note for field team,Simulated note: pending site confirmation with operations lead.,Implementation tracker,Implemented,No,Yes,2026-04-17T14:24,Safety Review,72 hours,On Track
SOFA 2026 Pavilion B - Artist Alley,Electrical Layout,Power drop mapping,Back wall,Document operational audit evidence,Simulated note: field observation added for audit traceability.,Verification reviewer,In Progress,No,No,2026-05-07T23:30,Venue Logistics,31 hours,On Track
SOFA 2026 Pavilion C - Esports Arena,Furniture Deployment,Table and chair setup,,Validate logistics dashboard record consistency,Simulated note: no production source connected in this public dataset.,Implementation tracker,Implemented,No,No,2026-05-03T20:06,Infrastructure,14 hours,Pending Verification
SOFA 2026 Pavilion D - Maker Lab,Furniture Deployment,Directional signage,Zone marker,Validate logistics dashboard record consistency,Simulated note: field observation added for audit traceability.,Field operations lead,Planned,Yes,No,2026-05-11T02:07,Technical Production,63 hours,Complete
SOFA 2026 Pavilion E - Retail Corridor,Electrical Layout,Table and chair setup,Back wall,Update technical note for field team,Simulated note: field observation added for audit traceability.,Verification reviewer,In Progress,No,No,2026-04-27T04:47,Operations Control,25 hours,Complete
SOFA 2026 Pavilion F - Food Court,Furniture Deployment,Power drop mapping,Control point,Resolve urgent requirement before pavilion handoff,Simulated note: field observation added for audit traceability.,Pavilion coordinator,In Progress,No,No,2026-05-12T11:28,Operations Control,12 hours,Pending Verification
SOFA 2026 Pavilion G - Auditorium,Electrical Layout,Floor plan validation,Storage corner,Update technical note for field team,Simulated note: field observation added for audit traceability.,Logistics support team,Implemented,Yes,No,2026-05-30T14:26,Safety Review,11 hours,Complete
SOFA 2026 Pavilion A - Immersive Experiences,Signal Routing,Cable protection,Main aisle,Confirm implementation tracking milestone,Simulated note: no production source connected in this public dataset.,Logistics support team,Implemented,No,Yes,2026-06-12T11:36,Infrastructure,62 hours,On Track
SOFA 2026 Pavilion B - Artist Alley,Safety Inspection,Cable protection,Public-facing desk,Check verification workflow status,Simulated note: no production source connected in this public dataset.,Pavilion coordinator,In Progress,No,Yes,2026-04-02T09:16,Safety Review,72 hours,On Track
SOFA 2026 Pavilion C - Esports Arena,Furniture Deployment,Cable protection,Control point,Check verification workflow status,Simulated note: verification can proceed after handoff evidence.,Pavilion coordinator,Implemented,No,No,2026-05-09T14:38,Infrastructure,46 hours,Complete
SOFA 2026 Pavilion D - Maker Lab,Furniture Deployment,Power drop mapping,,Check verification workflow status,Simulated note: field observation added for audit traceability.,Pavilion coordinator,Implemented,Yes,No,2026-05-25T18:13,Technical Production,59 hours,Complete
SOFA 2026 Pavilion E - Retail Corridor,Signal Routing,Table and chair setup,,Update technical note for field team,Simulated note: dependency requires module-level review.,Field operations lead,Implemented,No,Yes,2026-06-13T23:44,Infrastructure,51 hours,At Risk
SOFA 2026 Pavilion F - Food Court,Safety Inspection,Directional signage,Control point,Check verification workflow status,Simulated note: verification can proceed after handoff evidence.,Field operations lead,In Progress,No,No,2026-04-04T22:35,Exhibitor Services,18 hours,Pending Verification
SOFA 2026 Pavilion G - Auditorium,Safety Inspection,Cable protection,Secondary aisle,Validate logistics dashboard record consistency,Simulated note: no production source connected in this public dataset.,Operational audit analyst,Implemented,Yes,Yes,2026-04-05T04:16,Safety Review,7 hours,Complete
SOFA 2026 Pavilion A - Immersive Experiences,Safety Inspection,Cable protection,Secondary aisle,Update technical note for field team,Simulated note: no production source connected in this public dataset.,Pavilion coordinator,In Progress,No,No,2026-04-11T20:57,Venue Logistics,57 hours,On Track
SOFA 2026 Pavilion B - Artist Alley,Signal Routing,Directional signage,Control point,Review sparse hierarchy assignment,Simulated note: verification can proceed after handoff evidence.,Implementation tracker,Verified,Yes,No,2026-05-01T18:52,Operations Control,6 hours,Complete
SOFA 2026 Pavilion C - Esports Arena,Safety Inspection,Directional signage,Public-facing desk,Review sparse hierarchy assignment,Simulated note: no production source connected in this public dataset.,Pavilion coordinator,Planned,No,No,2026-05-29T19:28,Operations Control,11 hours,Blocked
SOFA 2026 Pavilion D - Maker Lab,Signal Routing,Stand readiness,Main aisle,Review sparse hierarchy assignment,Simulated note: field observation added for audit traceability.,Pavilion coordinator,Not Started,Yes,Yes,2026-04-27T09:27,Infrastructure,32 hours,Complete
SOFA 2026 Pavilion E - Retail Corridor,Safety Inspection,Operational briefing,Back wall,Document operational audit evidence,Simulated note: pending site confirmation with operations lead.,Operational audit analyst,Planned,No,No,2026-04-23T09:44,Operations Control,69 hours,At Risk
SOFA 2026 Pavilion F - Food Court,Queue Management,Cable protection,Zone marker,Validate logistics dashboard record consistency,Simulated note: dependency requires module-level review.,Field operations lead,Planned,No,No,2026-05-21T08:02,Operations Control,50 hours,On Track
SOFA 2026 Pavilion G - Auditorium,Safety Inspection,Stand readiness,Zone marker,Resolve urgent requirement before pavilion handoff,Simulated note: verification can proceed after handoff evidence.,Pavilion coordinator,Planned,No,No,2026-06-13T04:49,Safety Review,8 hours,Complete
SOFA 2026 Pavilion A - Immersive Experiences,Safety Inspection,Operational briefing,,Document operational audit evidence,Simulated note: no production source connected in this public dataset.,Pavilion coordinator,In Progress,No,Yes,2026-05-25T19:44,Operations Control,36 hours,At Risk
SOFA 2026 Pavilion B - Artist Alley,Branding Installation,Stand readiness,Back wall,Resolve urgent requirement before pavilion handoff,Simulated note: field observation added for audit traceability.,Pavilion coordinator,Implemented,No,Yes,2026-05-15T04:32,Safety Review,26 hours,On Track
SOFA 2026 Pavilion C - Esports Arena,Safety Inspection,Floor plan validation,Main aisle,Check verification workflow status,Simulated note: dependency requires module-level review.,Pavilion coordinator,Planned,No,Yes,2026-06-12T17:47,Exhibitor Services,33 hours,On Track
SOFA 2026 Pavilion D - Maker Lab,Safety Inspection,Operational briefing,Secondary aisle,Review sparse hierarchy assignment,Simulated note: no production source connected in this public dataset.,Logistics support team,In Progress,No,No,2026-06-10T15:57,Technical Production,52 hours,On Track
SOFA 2026 Pavilion E - Retail Corridor,Safety Inspection,Floor plan validation,,Validate logistics dashboard record consistency,Simulated note: pending site confirmation with operations lead.,Operational audit analyst,Verified,Yes,No,2026-05-14T19:09,Technical Production,64 hours,Complete
SOFA 2026 Pavilion F - Food Court,Branding Installation,Stand readiness,Storage corner,Validate logistics dashboard record consistency,Simulated note: pending site confirmation with operations lead.,Implementation tracker,In Progress,No,Yes,2026-05-23T22:11,Venue Logistics,14 hours,Pending Verification
SOFA 2026 Pavilion G - Auditorium,Branding Installation,Operational briefing,Main aisle,Validate logistics dashboard record consistency,Simulated note: no production source connected in this public dataset.,Verification reviewer,Verified,Yes,No,2026-05-07T19:22,Safety Review,8 hours,Complete
SOFA 2026 Pavilion A - Immersive Experiences,Inventory Handoff,Stand readiness,Main aisle,Validate logistics dashboard record consistency,Simulated note: pending site confirmation with operations lead.,Logistics support team,Planned,Yes,No,2026-06-15T17:14,Operations Control,64 hours,Complete
SOFA 2026 Pavilion B - Artist Alley,,Stand readiness,Main aisle,Confirm implementation tracking milestone,Simulated note: verification can proceed after handoff evidence.,Field operations lead,Verified,Yes,No,2026-06-15T04:08,Venue Logistics,10 hours,Complete
SOFA 2026 Pavilion C - Esports Arena,Inventory Handoff,Stand readiness,Storage corner,Align role description with owner team,Simulated note: dependency requires module-level review.,Pavilion coordinator,In Progress,No,No,2026-04-10T02:06,Operations Control,33 hours,Pending Verification
SOFA 2026 Pavilion D - Maker Lab,Inventory Handoff,Floor plan validation,Secondary aisle,Resolve urgent requirement before pavilion handoff,Simulated note: verification can proceed after handoff evidence.,Logistics support team,In Progress,No,Yes,2026-04-05T22:24,Safety Review,60 hours,On Track
SOFA 2026 Pavilion E - Retail Corridor,Queue Management,Power drop mapping,,Review sparse hierarchy assignment,Simulated note: verification can proceed after handoff evidence.,Implementation tracker,Planned,No,No,2026-04-08T09:07,Operations Control,65 hours,Complete
SOFA 2026 Pavilion F - Food Court,Queue Management,Equipment reception,Control point,Validate logistics dashboard record consistency,Simulated note: field observation added for audit traceability.,Implementation tracker,Implemented,No,No,2026-04-13T08:06,Infrastructure,40 hours,On Track
SOFA 2026 Pavilion G - Auditorium,Inventory Handoff,Power drop mapping,Back wall,Validate logistics dashboard record consistency,Simulated note: dependency requires module-level review.,Pavilion coordinator,Verified,Yes,No,2026-04-08T16:23,Infrastructure,5 hours,Complete
SOFA 2026 Pavilion A - Immersive Experiences,Branding Installation,Power drop mapping,Back wall,Update technical note for field team,Simulated note: pending site confirmation with operations lead.,Operational audit analyst,In Progress,No,Yes,2026-06-06T21:38,Safety Review,17 hours,Blocked
SOFA 2026 Pavilion B - Artist Alley,Branding Installation,Power drop mapping,Storage corner,Review sparse hierarchy assignment,Simulated note: no production source connected in this public dataset.,Logistics support team,Verified,Yes,No,2026-05-20T04:22,Exhibitor Services,14 hours,Complete
SOFA 2026 Pavilion C - Esports Arena,Inventory Handoff,Cable protection,Zone marker,Align role description with owner team,Simulated note: field observation added for audit traceability.,Verification reviewer,Planned,No,No,2026-04-06T23:52,Exhibitor Services,7 hours,On Track
SOFA 2026 Pavilion D - Maker Lab,Access Control,Power drop mapping,Secondary aisle,Resolve urgent requirement before pavilion handoff,Simulated note: no production source connected in this public dataset.,Operational audit analyst,Not Started,No,No,2026-05-08T19:17,Exhibitor Services,7 hours,Complete
SOFA 2026 Pavilion E - Retail Corridor,Inventory Handoff,Cable protection,Public-facing desk,Validate logistics dashboard record consistency,Simulated note: verification can proceed after handoff evidence.,Logistics support team,In Progress,No,No,2026-05-17T11:19,Safety Review,36 hours,Pending Verification
SOFA 2026 Pavilion F - Food Court,Access Control,Power drop mapping,Public-facing desk,Confirm implementation tracking milestone,Simulated note: no production source connected in this public dataset.,Field operations lead,Not Started,No,No,2026-05-13T11:10,Exhibitor Services,57 hours,On Track
SOFA 2026 Pavilion G - Auditorium,Access Control,Credential checkpoint,Storage corner,Resolve urgent requirement before pavilion handoff,Simulated note: field observation added for audit traceability.,Logistics support team,Verified,Yes,No,2026-05-01T17:53,Exhibitor Services,60 hours,Complete
SOFA 2026 Pavilion A - Immersive Experiences,Inventory Handoff,Table and chair setup,Secondary aisle,Confirm implementation tracking milestone,Simulated note: verification can proceed after handoff evidence.,Field operations lead,Planned,No,No,2026-04-15T21:29,Infrastructure,54 hours,Complete
SOFA 2026 Pavilion B - Artist Alley,Access Control,Table and chair setup,Secondary aisle,Document operational audit evidence,Simulated note: no production source connected in this public dataset.,Operational audit analyst,Implemented,Yes,No,2026-06-14T05:38,Exhibitor Services,72 hours,Complete
SOFA 2026 Pavilion C - Esports Arena,Inventory Handoff,Cable protection,Control point,Align role description with owner team,Simulated note: verification can proceed after handoff evidence.,Operational audit analyst,In Progress,No,No,2026-04-28T17:54,Operations Control,28 hours,Blocked
SOFA 2026 Pavilion D - Maker Lab,Access Control,Operational briefing,Storage corner,Validate logistics dashboard record consistency,Simulated note: dependency requires module-level review.,Pavilion coordinator,In Progress,No,Yes,2026-04-28T23:56,Safety Review,70 hours,At Risk
SOFA 2026 Pavilion E - Retail Corridor,Access Control,Credential checkpoint,Public-facing desk,Align role description with owner team,Simulated note: verification can proceed after handoff evidence.,Field operations lead,Not Started,Yes,No,2026-04-17T01:32,Infrastructure,19 hours,Complete
SOFA 2026 Pavilion F - Food Court,Electrical Layout,Credential checkpoint,Zone marker,Resolve urgent requirement before pavilion handoff,Simulated note: field observation added for audit traceability.,Logistics support team,Verified,Yes,No,2026-06-06T03:12,Infrastructure,15 hours,Complete
SOFA 2026 Pavilion G - Auditorium,Inventory Handoff,Stand readiness,Secondary aisle,Resolve urgent requirement before pavilion handoff,Simulated note: pending site confirmation with operations lead.,Operational audit analyst,In Progress,No,No,2026-04-03T06:08,Infrastructure,13 hours,Complete
SOFA 2026 Pavilion A - Immersive Experiences,Electrical Layout,Credential checkpoint,Secondary aisle,Update technical note for field team,Simulated note: verification can proceed after handoff evidence.,Verification reviewer,Implemented,Yes,No,2026-06-15T02:43,Venue Logistics,55 hours,Complete
SOFA 2026 Pavilion B - Artist Alley,Access Control,Emergency corridor clearance,Zone marker,Document operational audit evidence,Simulated note: no production source connected in this public dataset.,Operational audit analyst,In Progress,No,No,2026-06-04T21:17,Operations Control,54 hours,On Track
SOFA 2026 Pavilion C - Esports Arena,Furniture Deployment,Credential checkpoint,Control point,Validate logistics dashboard record consistency,Simulated note: dependency requires module-level review.,Verification reviewer,In Progress,No,No,2026-06-16T06:20,Infrastructure,41 hours,Complete
SOFA 2026 Pavilion D - Maker Lab,Furniture Deployment,Credential checkpoint,,Confirm implementation tracking milestone,Simulated note: field observation added for audit traceability.,Verification reviewer,In Progress,No,No,2026-05-30T06:57,Operations Control,61 hours,Pending Verification
SOFA 2026 Pavilion E - Retail Corridor,Access Control,Stand readiness,,Resolve urgent requirement before pavilion handoff,Simulated note: pending site confirmation with operations lead.,Operational audit analyst,Implemented,No,No,2026-06-07T11:43,Venue Logistics,36 hours,At Risk
SOFA 2026 Pavilion F - Food Court,,Floor plan validation,Control point,Align role description with owner team,Simulated note: pending site confirmation with operations lead.,Verification reviewer,In Progress,No,Yes,2026-04-19T16:36,Venue Logistics,21 hours,On Track
SOFA 2026 Pavilion G - Auditorium,Furniture Deployment,Operational briefing,Control point,Check verification workflow status,Simulated note: verification can proceed after handoff evidence.,Verification reviewer,Not Started,No,No,2026-06-11T08:19,Venue Logistics,69 hours,On Track
SOFA 2026 Pavilion A - Immersive Experiences,Furniture Deployment,Operational briefing,Back wall,Validate logistics dashboard record consistency,Simulated note: no production source connected in this public dataset.,Verification reviewer,In Progress,No,No,2026-05-21T22:52,Exhibitor Services,33 hours,At Risk
SOFA 2026 Pavilion B - Artist Alley,Signal Routing,Operational briefing,,Review sparse hierarchy assignment,Simulated note: verification can proceed after handoff evidence.,Pavilion coordinator,Planned,No,Yes,2026-05-09T10:40,Exhibitor Services,42 hours,At Risk
SOFA 2026 Pavilion C - Esports Arena,Furniture Deployment,Equipment reception,,Validate logistics dashboard record consistency,Simulated note: pending site confirmation with operations lead.,Implementation tracker,In Progress,Yes,Yes,2026-04-06T16:26,Exhibitor Services,15 hours,Complete
SOFA 2026 Pavilion D - Maker Lab,Signal Routing,Floor plan validation,Main aisle,Confirm implementation tracking milestone,Simulated note: dependency requires module-level review.,Operational audit analyst,In Progress,No,No,2026-06-14T05:16,Safety Review,16 hours,Pending Verification
SOFA 2026 Pavilion E - Retail Corridor,Signal Routing,Power drop mapping,Storage corner,Confirm implementation tracking milestone,Simulated note: dependency requires module-level review.,Pavilion coordinator,Verified,Yes,No,2026-05-26T00:54,Safety Review,37 hours,Complete
SOFA 2026 Pavilion F - Food Court,Signal Routing,Table and chair setup,Secondary aisle,Update technical note for field team,Simulated note: verification can proceed after handoff evidence.,Logistics support team,Implemented,No,No,2026-04-04T07:22,Exhibitor Services,52 hours,On Track
SOFA 2026 Pavilion G - Auditorium,Electrical Layout,Directional signage,Back wall,Validate logistics dashboard record consistency,Simulated note: dependency requires module-level review.,Logistics support team,In Progress,No,No,2026-04-19T22:33,Safety Review,32 hours,On Track
SOFA 2026 Pavilion A - Immersive Experiences,Signal Routing,Table and chair setup,Public-facing desk,Update technical note for field team,Simulated note: pending site confirmation with operations lead.,Field operations lead,In Progress,No,No,2026-04-15T16:57,Infrastructure,36 hours,On Track
SOFA 2026 Pavilion B - Artist Alley,Furniture Deployment,Power drop mapping,Control point,Confirm implementation tracking milestone,Simulated note: field observation added for audit traceability.,Logistics support team,Implemented,No,No,2026-06-15T09:13,Technical Production,31 hours,At Risk
SOFA 2026 Pavilion C - Esports Arena,Signal Routing,Floor plan validation,Main aisle,Document operational audit evidence,Simulated note: dependency requires module-level review.,Logistics support team,Implemented,No,No,2026-04-12T02:09,Technical Production,52 hours,On Track
SOFA 2026 Pavilion D - Maker Lab,,Cable protection,Control point,Align role description with owner team,Simulated note: verification can proceed after handoff evidence.,Verification reviewer,In Progress,Yes,No,2026-04-18T07:30,Operations Control,70 hours,Complete
SOFA 2026 Pavilion E - Retail Corridor,Furniture Deployment,Cable protection,Back wall,Validate logistics dashboard record consistency,Simulated note: pending site confirmation with operations lead.,Implementation tracker,Implemented,No,Yes,2026-04-24T02:52,Operations Control,65 hours,On Track
SOFA 2026 Pavilion F - Food Court,Furniture Deployment,Emergency corridor clearance,Storage corner,Document operational audit evidence,Simulated note: pending site confirmation with operations lead.,Verification reviewer,Not Started,No,No,2026-06-02T11:36,Technical Production,72 hours,Complete
SOFA 2026 Pavilion G - Auditorium,,Power drop mapping,Secondary aisle,Check verification workflow status,Simulated note: pending site confirmation with operations lead.,Logistics support team,Implemented,No,No,2026-04-28T08:18,Safety Review,30 hours,On Track
SOFA 2026 Pavilion A - Immersive Experiences,Safety Inspection,Emergency corridor clearance,Control point,Resolve urgent requirement before pavilion handoff,Simulated note: field observation added for audit traceability.,Implementation tracker,Planned,No,No,2026-04-22T10:50,Safety Review,8 hours,On Track
SOFA 2026 Pavilion B - Artist Alley,Signal Routing,Table and chair setup,Zone marker,Resolve urgent requirement before pavilion handoff,Simulated note: no production source connected in this public dataset.,Implementation tracker,In Progress,No,No,2026-05-03T21:49,Exhibitor Services,64 hours,Pending Verification
SOFA 2026 Pavilion C - Esports Arena,Queue Management,Table and chair setup,Secondary aisle,Align role description with owner team,Simulated note: verification can proceed after handoff evidence.,Logistics support team,In Progress,No,No,2026-06-04T16:53,Venue Logistics,56 hours,On Track
SOFA 2026 Pavilion D - Maker Lab,Signal Routing,Credential checkpoint,Zone marker,Check verification workflow status,Simulated note: verification can proceed after handoff evidence.,Operational audit analyst,Not Started,No,No,2026-04-24T07:41,Exhibitor Services,2 hours,Complete
SOFA 2026 Pavilion E - Retail Corridor,Safety Inspection,Emergency corridor clearance,Main aisle,Validate logistics dashboard record consistency,Simulated note: dependency requires module-level review.,Logistics support team,Planned,No,Yes,2026-04-23T08:07,Exhibitor Services,29 hours,On Track
SOFA 2026 Pavilion F - Food Court,Signal Routing,Directional signage,Back wall,Resolve urgent requirement before pavilion handoff,Simulated note: no production source connected in this public dataset.,Implementation tracker,Implemented,No,No,2026-04-26T06:33,Safety Review,62 hours,At Risk
SOFA 2026 Pavilion G - Auditorium,Safety Inspection,Operational briefing,Public-facing desk,Confirm implementation tracking milestone,Simulated note: field observation added for audit traceability.,Field operations lead,In Progress,No,Yes,2026-04-18T13:55,Infrastructure,4 hours,At Risk
SOFA 2026 Pavilion A - Immersive Experiences,,Operational briefing,Public-facing desk,Align role description with owner team,Simulated note: verification can proceed after handoff evidence.,Field operations lead,Implemented,No,No,2026-04-25T18:36,Exhibitor Services,58 hours,On Track
SOFA 2026 Pavilion B - Artist Alley,Branding Installation,Cable protection,Public-facing desk,Check verification workflow status,Simulated note: pending site confirmation with operations lead.,Operational audit analyst,Implemented,No,No,2026-05-02T03:37,Exhibitor Services,41 hours,On Track
SOFA 2026 Pavilion C - Esports Arena,Safety Inspection,Emergency corridor clearance,Main aisle,Update technical note for field team,Simulated note: pending site confirmation with operations lead.,Operational audit analyst,Verified,Yes,Yes,2026-05-02T20:16,Technical Production,35 hours,Complete
SOFA 2026 Pavilion D - Maker Lab,Safety Inspection,Operational briefing,Storage corner,Validate logistics dashboard record consistency,Simulated note: field observation added for audit traceability.,Implementation tracker,Verified,Yes,No,2026-04-07T21:23,Exhibitor Services,32 hours,Complete
SOFA 2026 Pavilion E - Retail Corridor,Safety Inspection,Stand readiness,Storage corner,Confirm implementation tracking milestone,Simulated note: dependency requires module-level review.,Pavilion coordinator,Implemented,No,No,2026-04-16T18:03,Infrastructure,29 hours,Blocked
SOFA 2026 Pavilion F - Food Court,Safety Inspection,Emergency corridor clearance,Control point,Validate logistics dashboard record consistency,Simulated note: no production source connected in this public dataset.,Pavilion coordinator,Planned,No,No,2026-05-13T07:36,Safety Review,39 hours,Complete
SOFA 2026 Pavilion G - Auditorium,Queue Management,Operational briefing,Main aisle,Check verification workflow status,Simulated note: verification can proceed after handoff evidence.,Operational audit analyst,Planned,No,No,2026-04-27T13:37,Exhibitor Services,32 hours,Complete
SOFA 2026 Pavilion A - Immersive Experiences,Branding Installation,Credential checkpoint,,Check verification workflow status,Simulated note: pending site confirmation with operations lead.,Implementation tracker,In Progress,Yes,No,2026-04-01T11:13,Infrastructure,21 hours,Complete
SOFA 2026 Pavilion B - Artist Alley,Inventory Handoff,Stand readiness,Storage corner,Document operational audit evidence,Simulated note: dependency requires module-level review.,Field operations lead,Verified,Yes,Yes,2026-06-01T00:15,Venue Logistics,53 hours,Complete
SOFA 2026 Pavilion C - Esports Arena,Inventory Handoff,Floor plan validation,,Document operational audit evidence,Simulated note: verification can proceed after handoff evidence.,Implementation tracker,Verified,Yes,No,2026-06-09T09:30,Operations Control,65 hours,Complete
SOFA 2026 Pavilion D - Maker Lab,Branding Installation,Power drop mapping,Storage corner,Review sparse hierarchy assignment,Simulated note: field observation added for audit traceability.,Operational audit analyst,Planned,No,No,2026-06-04T19:17,Infrastructure,37 hours,At Risk
SOFA 2026 Pavilion E - Retail Corridor,Branding Installation,Power drop mapping,,Update technical note for field team,Simulated note: dependency requires module-level review.,Verification reviewer,In Progress,Yes,No,2026-04-29T19:49,Exhibitor Services,38 hours,Complete
SOFA 2026 Pavilion F - Food Court,Branding Installation,Floor plan validation,Back wall,Confirm implementation tracking milestone,Simulated note: verification can proceed after handoff evidence.,Logistics support team,In Progress,No,Yes,2026-05-09T07:14,Exhibitor Services,17 hours,On Track
SOFA 2026 Pavilion G - Auditorium,Branding Installation,Equipment reception,,Validate logistics dashboard record consistency,Simulated note: dependency requires module-level review.,Operational audit analyst,Verified,Yes,No,2026-04-21T08:59,Infrastructure,64 hours,Complete
SOFA 2026 Pavilion A - Immersive Experiences,Branding Installation,Equipment reception,Public-facing desk,Update technical note for field team,Simulated note: field observation added for audit traceability.,Logistics support team,Implemented,No,No,2026-04-11T07:48,Exhibitor Services,12 hours,Pending Verification
SOFA 2026 Pavilion B - Artist Alley,Inventory Handoff,Power drop mapping,Zone marker,Update technical note for field team,Simulated note: verification can proceed after handoff evidence.,Pavilion coordinator,Implemented,No,No,2026-05-24T07:12,Technical Production,70 hours,Pending Verification
SOFA 2026 Pavilion C - Esports Arena,Inventory Handoff,Floor plan validation,Zone marker,Review sparse hierarchy assignment,Simulated note: verification can proceed after handoff evidence.,Operational audit analyst,Verified,Yes,No,2026-05-09T23:30,Infrastructure,20 hours,Complete
SOFA 2026 Pavilion D - Maker Lab,Branding Installation,Equipment reception,Secondary aisle,Validate logistics dashboard record consistency,Simulated note: pending site confirmation with operations lead.,Logistics support team,Planned,Yes,No,2026-05-15T01:34,Technical Production,19 hours,Complete
SOFA 2026 Pavilion E - Retail Corridor,Access Control,Power drop mapping,Secondary aisle,Check verification workflow status,Simulated note: no production source connected in this public dataset.,Pavilion coordinator,Planned,No,No,2026-06-10T03:15,Exhibitor Services,54 hours,On Track
SOFA 2026 Pavilion F - Food Court,Access Control,Table and chair setup,Main aisle,Review sparse hierarchy assignment,Simulated note: field observation added for audit traceability.,Field operations lead,Planned,No,Yes,2026-05-01T21:14,Venue Logistics,70 hours,On Track
SOFA 2026 Pavilion G - Auditorium,Inventory Handoff,Power drop mapping,,Confirm implementation tracking milestone,Simulated note: field observation added for audit traceability.,Implementation tracker,Planned,Yes,No,2026-06-07T06:05,Venue Logistics,64 hours,Complete
SOFA 2026 Pavilion A - Immersive Experiences,Electrical Layout,Cable protection,Main aisle,Document operational audit evidence,Simulated note: dependency requires module-level review.,Verification reviewer,Planned,No,No,2026-05-09T12:23,Exhibitor Services,46 hours,Pending Verification
SOFA 2026 Pavilion B - Artist Alley,Access Control,Cable protection,Zone marker,Update technical note for field team,Simulated note: pending site confirmation with operations lead.,Implementation tracker,Planned,No,No,2026-04-26T22:16,Technical Production,30 hours,Complete
SOFA 2026 Pavilion C - Esports Arena,Inventory Handoff,Directional signage,Zone marker,Update technical note for field team,Simulated note: verification can proceed after handoff evidence.,Field operations lead,In Progress,No,No,2026-05-12T14:16,Safety Review,41 hours,Complete
SOFA 2026 Pavilion D - Maker Lab,Inventory Handoff,Credential checkpoint,Back wall,Update technical note for field team,Simulated note: field observation added for audit traceability.,Implementation tracker,Implemented,No,No,2026-06-01T15:55,Venue Logistics,3 hours,Complete
SOFA 2026 Pavilion E - Retail Corridor,Inventory Handoff,Directional signage,Main aisle,Review sparse hierarchy assignment,Simulated note: no production source connected in this public dataset.,Verification reviewer,Implemented,No,Yes,2026-06-02T01:59,Operations Control,39 hours,Pending Verification
SOFA 2026 Pavilion F - Food Court,Inventory Handoff,Table and chair setup,Control point,Document operational audit evidence,Simulated note: no production source connected in this public dataset.,Field operations lead,Verified,Yes,No,2026-05-31T00:23,Infrastructure,61 hours,Complete
SOFA 2026 Pavilion G - Auditorium,Inventory Handoff,Directional signage,Public-facing desk,Check verification workflow status,Simulated note: field observation added for audit traceability.,Logistics support team,Implemented,No,Yes,2026-05-28T11:50,Venue Logistics,26 hours,On Track
SOFA 2026 Pavilion A - Immersive Experiences,Electrical Layout,Directional signage,Storage corner,Update technical note for field team,Simulated note: dependency requires module-level review.,Field operations lead,In Progress,No,Yes,2026-04-19T19:08,Operations Control,31 hours,At Risk
SOFA 2026 Pavilion B - Artist Alley,Electrical Layout,Emergency corridor clearance,Back wall,Check verification workflow status,Simulated note: pending site confirmation with operations lead.,Operational audit analyst,Implemented,No,Yes,2026-05-18T02:32,Operations Control,33 hours,On Track
SOFA 2026 Pavilion C - Esports Arena,Access Control,Emergency corridor clearance,,Document operational audit evidence,Simulated note: pending site confirmation with operations lead.,Logistics support team,In Progress,No,No,2026-04-30T12:31,Venue Logistics,47 hours,Complete
SOFA 2026 Pavilion D - Maker Lab,Electrical Layout,Operational briefing,Control point,Confirm implementation tracking milestone,Simulated note: dependency requires module-level review.,Logistics support team,Implemented,No,No,2026-05-18T19:53,Exhibitor Services,21 hours,Complete
SOFA 2026 Pavilion E - Retail Corridor,Electrical Layout,Cable protection,Back wall,Check verification workflow status,Simulated note: dependency requires module-level review.,Verification reviewer,Planned,No,No,2026-05-09T09:40,Operations Control,46 hours,On Track
SOFA 2026 Pavilion F - Food Court,Electrical Layout,Stand readiness,Control point,Document operational audit evidence,Simulated note: field observation added for audit traceability.,Verification reviewer,In Progress,No,No,2026-05-16T17:02,Operations Control,2 hours,On Track
SOFA 2026 Pavilion G - Auditorium,Access Control,Operational briefing,Control point,Check verification workflow status,Simulated note: pending site confirmation with operations lead.,Pavilion coordinator,Not Started,No,No,2026-05-07T09:45,Infrastructure,64 hours,Pending Verification
SOFA 2026 Pavilion A - Immersive Experiences,Furniture Deployment,Emergency corridor clearance,,Review sparse hierarchy assignment,Simulated note: field observation added for audit traceability.,Verification reviewer,In Progress,Yes,No,2026-04-16T23:40,Venue Logistics,6 hours,Complete
SOFA 2026 Pavilion B - Artist Alley,Electrical Layout,Stand readiness,Storage corner,Document operational audit evidence,Simulated note: field observation added for audit traceability.,Pavilion coordinator,Planned,No,No,2026-05-24T03:50,Venue Logistics,70 hours,On Track
SOFA 2026 Pavilion C - Esports Arena,Electrical Layout,Floor plan validation,Control point,Resolve urgent requirement before pavilion handoff,Simulated note: no production source connected in this public dataset.,Logistics support team,Implemented,No,No,2026-06-09T12:34,Exhibitor Services,69 hours,Blocked
SOFA 2026 Pavilion D - Maker Lab,Furniture Deployment,Equipment reception,Secondary aisle,Validate logistics dashboard record consistency,Simulated note: verification can proceed after handoff evidence.,Verification reviewer,Implemented,No,No,2026-05-09T15:47,Safety Review,51 hours,At Risk
SOFA 2026 Pavilion E - Retail Corridor,Electrical Layout,Equipment reception,Control point,Align role description with owner team,Simulated note: pending site confirmation with operations lead.,Verification reviewer,Verified,Yes,No,2026-04-24T05:59,Operations Control,62 hours,Complete
SOFA 2026 Pavilion F - Food Court,Signal Routing,Equipment reception,Storage corner,Align role description with owner team,Simulated note: pending site confirmation with operations lead.,Field operations lead,In Progress,Yes,No,2026-06-12T15:09,Venue Logistics,71 hours,Complete
SOFA 2026 Pavilion G - Auditorium,Electrical Layout,Equipment reception,Back wall,Align role description with owner team,Simulated note: verification can proceed after handoff evidence.,Implementation tracker,Not Started,No,No,2026-04-30T00:29,Exhibitor Services,29 hours,On Track
SOFA 2026 Pavilion A - Immersive Experiences,Furniture Deployment,Equipment reception,Control point,Review sparse hierarchy assignment,Simulated note: field observation added for audit traceability.,Logistics support team,Implemented,No,No,2026-04-06T13:48,Safety Review,50 hours,Blocked
SOFA 2026 Pavilion B - Artist Alley,Signal Routing,Power drop mapping,Secondary aisle,Update technical note for field team,Simulated note: field observation added for audit traceability.,Implementation tracker,Verified,Yes,No,2026-05-30T06:10,Operations Control,68 hours,Complete
SOFA 2026 Pavilion C - Esports Arena,Signal Routing,Table and chair setup,Back wall,Document operational audit evidence,Simulated note: verification can proceed after handoff evidence.,Pavilion coordinator,Implemented,No,Yes,2026-05-18T09:09,Safety Review,63 hours,At Risk
SOFA 2026 Pavilion D - Maker Lab,Signal Routing,Directional signage,Back wall,Review sparse hierarchy assignment,Simulated note: field observation added for audit traceability.,Logistics support team,In Progress,No,No,2026-04-04T09:05,Venue Logistics,13 hours,On Track
SOFA 2026 Pavilion E - Retail Corridor,Safety Inspection,Equipment reception,Back wall,Validate logistics dashboard record consistency,Simulated note: pending site confirmation with operations lead.,Implementation tracker,Implemented,No,Yes,2026-06-15T14:05,Operations Control,49 hours,On Track
SOFA 2026 Pavilion F - Food Court,Signal Routing,Equipment reception,Storage corner,Resolve urgent requirement before pavilion handoff,Simulated note: dependency requires module-level review.,Implementation tracker,In Progress,No,No,2026-04-15T09:03,Exhibitor Services,42 hours,Pending Verification
SOFA 2026 Pavilion G - Auditorium,Signal Routing,Floor plan validation,Back wall,Resolve urgent requirement before pavilion handoff,Simulated note: verification can proceed after handoff evidence.,Operational audit analyst,Verified,Yes,No,2026-04-06T14:01,Operations Control,68 hours,Complete
SOFA 2026 Pavilion A - Immersive Experiences,Safety Inspection,Table and chair setup,Public-facing desk,Align role description with owner team,Simulated note: field observation added for audit traceability.,Implementation tracker,Not Started,No,No,2026-05-31T13:32,Infrastructure,64 hours,Pending Verification
SOFA 2026 Pavilion B - Artist Alley,Signal Routing,Power drop mapping,Secondary aisle,Review sparse hierarchy assignment,Simulated note: field observation added for audit traceability.,Verification reviewer,Not Started,Yes,No,2026-04-25T16:00,Safety Review,68 hours,Complete
SOFA 2026 Pavilion C - Esports Arena,Queue Management,Directional signage,Main aisle,Validate logistics dashboard record consistency,Simulated note: no production source connected in this public dataset.,Pavilion coordinator,Planned,No,No,2026-06-05T08:22,Operations Control,27 hours,At Risk
SOFA 2026 Pavilion D - Maker Lab,Safety Inspection,Emergency corridor clearance,,Align role description with owner team,Simulated note: pending site confirmation with operations lead.,Operational audit analyst,Implemented,No,No,2026-05-17T21:41,Exhibitor Services,5 hours,Pending Verification
SOFA 2026 Pavilion E - Retail Corridor,Queue Management,Cable protection,Storage corner,Review sparse hierarchy assignment,Simulated note: verification can proceed after handoff evidence.,Verification reviewer,Verified,Yes,No,2026-04-20T17:12,Infrastructure,62 hours,Complete
SOFA 2026 Pavilion F - Food Court,Signal Routing,Credential checkpoint,Storage corner,Confirm implementation tracking milestone,Simulated note: dependency requires module-level review.,Logistics support team,In Progress,Yes,Yes,2026-04-23T00:04,Technical Production,64 hours,Complete
SOFA 2026 Pavilion G - Auditorium,Signal Routing,Cable protection,Public-facing desk,Align role description with owner team,Simulated note: dependency requires module-level review.,Pavilion coordinator,Implemented,No,No,2026-05-31T15:28,Exhibitor Services,23 hours,At Risk
SOFA 2026 Pavilion A - Immersive Experiences,Queue Management,Emergency corridor clearance,,Document operational audit evidence,Simulated note: verification can proceed after handoff evidence.,Pavilion coordinator,Planned,No,No,2026-05-26T07:17,Safety Review,8 hours,On Track
SOFA 2026 Pavilion B - Artist Alley,,Cable protection,,Resolve urgent requirement before pavilion handoff,Simulated note: verification can proceed after handoff evidence.,Pavilion coordinator,In Progress,No,No,2026-04-17T08:34,Operations Control,57 hours,Pending Verification
SOFA 2026 Pavilion C - Esports Arena,Branding Installation,Emergency corridor clearance,,Validate logistics dashboard record consistency,Simulated note: verification can proceed after handoff evidence.,Implementation tracker,Planned,Yes,No,2026-06-06T00:24,Safety Review,32 hours,Complete
SOFA 2026 Pavilion D - Maker Lab,Branding Installation,Emergency corridor clearance,Public-facing desk,Check verification workflow status,Simulated note: pending site confirmation with operations lead.,Operational audit analyst,Verified,Yes,No,2026-06-10T09:25,Infrastructure,65 hours,Complete
SOFA 2026 Pavilion E - Retail Corridor,Queue Management,Emergency corridor clearance,Secondary aisle,Confirm implementation tracking milestone,Simulated note: field observation added for audit traceability.,Pavilion coordinator,Not Started,Yes,No,2026-05-18T13:50,Safety Review,53 hours,Complete
SOFA 2026 Pavilion F - Food Court,Queue Management,Cable protection,,Align role description with owner team,Simulated note: verification can proceed after handoff evidence.,Field operations lead,Not Started,No,No,2026-05-01T06:46,Operations Control,20 hours,At Risk
SOFA 2026 Pavilion G - Auditorium,Branding Installation,Operational briefing,Secondary aisle,Resolve urgent requirement before pavilion handoff,Simulated note: dependency requires module-level review.,Logistics support team,Planned,No,No,2026-04-30T15:34,Operations Control,62 hours,On Track
SOFA 2026 Pavilion A - Immersive Experiences,,Stand readiness,Back wall,Check verification workflow status,Simulated note: verification can proceed after handoff evidence.,Verification reviewer,Implemented,No,No,2026-04-08T20:10,Safety Review,15 hours,On Track
SOFA 2026 Pavilion B - Artist Alley,Inventory Handoff,Emergency corridor clearance,Secondary aisle,Check verification workflow status,Simulated note: dependency requires module-level review.,Pavilion coordinator,Planned,Yes,No,2026-05-19T08:28,Infrastructure,3 hours,Complete
SOFA 2026 Pavilion C - Esports Arena,Inventory Handoff,Emergency corridor clearance,Storage corner,Review sparse hierarchy assignment,Simulated note: pending site confirmation with operations lead.,Operational audit analyst,Implemented,No,Yes,2026-04-17T15:04,Venue Logistics,37 hours,On Track
SOFA 2026 Pavilion D - Maker Lab,,Credential checkpoint,Zone marker,Check verification workflow status,Simulated note: pending site confirmation with operations lead.,Pavilion coordinator,Verified,Yes,No,2026-05-12T02:31,Venue Logistics,38 hours,Complete
SOFA 2026 Pavilion E - Retail Corridor,Inventory Handoff,Operational briefing,Storage corner,Review sparse hierarchy assignment,Simulated note: field observation added for audit traceability.,Implementation tracker,Implemented,No,No,2026-06-06T07:29,Exhibitor Services,9 hours,Complete
SOFA 2026 Pavilion F - Food Court,Branding Installation,Credential checkpoint,Public-facing desk,Review sparse hierarchy assignment,Simulated note: no production source connected in this public dataset.,Pavilion coordinator,Verified,Yes,Yes,2026-05-31T05:50,Operations Control,47 hours,Complete
SOFA 2026 Pavilion G - Auditorium,Inventory Handoff,Stand readiness,Main aisle,Validate logistics dashboard record consistency,Simulated note: verification can proceed after handoff evidence.,Implementation tracker,Verified,Yes,No,2026-06-04T19:09,Venue Logistics,60 hours,Complete
SOFA 2026 Pavilion A - Immersive Experiences,Inventory Handoff,Operational briefing,Back wall,Resolve urgent requirement before pavilion handoff,Simulated note: pending site confirmation with operations lead.,Operational audit analyst,Verified,Yes,No,2026-05-31T10:02,Operations Control,15 hours,Complete
SOFA 2026 Pavilion B - Artist Alley,Inventory Handoff,Floor plan validation,Storage corner,Confirm implementation tracking milestone,Simulated note: no production source connected in this public dataset.,Pavilion coordinator,Planned,No,Yes,2026-04-27T03:18,Exhibitor Services,10 hours,At Risk
SOFA 2026 Pavilion C - Esports Arena,Access Control,Table and chair setup,Public-facing desk,Validate logistics dashboard record consistency,Simulated note: verification can proceed after handoff evidence.,Operational audit analyst,Verified,Yes,Yes,2026-06-06T12:31,Venue Logistics,68 hours,Complete
SOFA 2026 Pavilion D - Maker Lab,Branding Installation,Table and chair setup,Back wall,Align role description with owner team,Simulated note: pending site confirmation with operations lead.,Field operations lead,In Progress,No,No,2026-05-27T20:36,Venue Logistics,28 hours,At Risk
SOFA 2026 Pavilion E - Retail Corridor,Inventory Handoff,Stand readiness,Public-facing desk,Align role description with owner team,Simulated note: no production source connected in this public dataset.,Operational audit analyst,Verified,Yes,No,2026-04-15T07:01,Technical Production,16 hours,Complete
SOFA 2026 Pavilion F - Food Court,Branding Installation,Power drop mapping,,Check verification workflow status,Simulated note: pending site confirmation with operations lead.,Implementation tracker,In Progress,No,Yes,2026-04-20T19:08,Safety Review,35 hours,On Track
SOFA 2026 Pavilion G - Auditorium,Inventory Handoff,Directional signage,Secondary aisle,Check verification workflow status,Simulated note: no production source connected in this public dataset.,Implementation tracker,Verified,Yes,No,2026-05-10T06:37,Operations Control,33 hours,Complete
SOFA 2026 Pavilion A - Immersive Experiences,Inventory Handoff,Equipment reception,Storage corner,Review sparse hierarchy assignment,Simulated note: verification can proceed after handoff evidence.,Operational audit analyst,Implemented,No,No,2026-04-22T00:13,Technical Production,65 hours,Complete
SOFA 2026 Pavilion B - Artist Alley,Electrical Layout,Power drop mapping,Storage corner,Align role description with owner team,Simulated note: field observation added for audit traceability.,Field operations lead,In Progress,No,Yes,2026-05-16T12:07,Exhibitor Services,41 hours,On Track
SOFA 2026 Pavilion C - Esports Arena,Electrical Layout,Cable protection,Public-facing desk,Document operational audit evidence,Simulated note: field observation added for audit traceability.,Verification reviewer,Planned,Yes,No,2026-05-22T03:04,Safety Review,60 hours,Complete
SOFA 2026 Pavilion D - Maker Lab,Electrical Layout,Power drop mapping,,Validate logistics dashboard record consistency,Simulated note: dependency requires module-level review.,Pavilion coordinator,Implemented,Yes,No,2026-04-04T23:06,Technical Production,32 hours,Complete
SOFA 2026 Pavilion E - Retail Corridor,Inventory Handoff,Power drop mapping,,Update technical note for field team,Simulated note: verification can proceed after handoff evidence.,Verification reviewer,In Progress,No,No,2026-05-03T05:44,Safety Review,12 hours,Pending Verification
SOFA 2026 Pavilion F - Food Court,Access Control,Table and chair setup,Storage corner,Confirm implementation tracking milestone,Simulated note: no production source connected in this public dataset.,Verification reviewer,Planned,No,No,2026-05-05T17:20,Safety Review,22 hours,On Track
SOFA 2026 Pavilion G - Auditorium,Electrical Layout,Cable protection,Public-facing desk,Update technical note for field team,Simulated note: pending site confirmation with operations lead.,Operational audit analyst,Planned,No,No,2026-06-05T21:04,Infrastructure,17 hours,On Track
SOFA 2026 Pavilion A - Immersive Experiences,Electrical Layout,Credential checkpoint,,Validate logistics dashboard record consistency,Simulated note: dependency requires module-level review.,Field operations lead,In Progress,No,No,2026-05-31T04:45,Exhibitor Services,10 hours,Pending Verification
SOFA 2026 Pavilion B - Artist Alley,Furniture Deployment,Directional signage,Back wall,Check verification workflow status,Simulated note: no production source connected in this public dataset.,Logistics support team,Implemented,No,No,2026-04-12T13:21,Exhibitor Services,10 hours,Pending Verification
SOFA 2026 Pavilion C - Esports Arena,Furniture Deployment,Table and chair setup,,Resolve urgent requirement before pavilion handoff,Simulated note: pending site confirmation with operations lead.,Pavilion coordinator,In Progress,No,No,2026-05-17T05:31,Technical Production,65 hours,Blocked
SOFA 2026 Pavilion D - Maker Lab,Furniture Deployment,Emergency corridor clearance,Public-facing desk,Check verification workflow status,Simulated note: field observation added for audit traceability.,Verification reviewer,Implemented,No,No,2026-05-11T19:23,Venue Logistics,8 hours,On Track
SOFA 2026 Pavilion E - Retail Corridor,Access Control,Emergency corridor clearance,Back wall,Resolve urgent requirement before pavilion handoff,Simulated note: pending site confirmation with operations lead.,Verification reviewer,In Progress,No,No,2026-05-17T12:18,Safety Review,45 hours,Blocked
SOFA 2026 Pavilion F - Food Court,Furniture Deployment,Emergency corridor clearance,,Validate logistics dashboard record consistency,Simulated note: dependency requires module-level review.,Field operations lead,Planned,No,No,2026-06-15T00:27,Venue Logistics,16 hours,Blocked
SOFA 2026 Pavilion G - Auditorium,Electrical Layout,Cable protection,Main aisle,Validate logistics dashboard record consistency,Simulated note: dependency requires module-level review.,Verification reviewer,In Progress,No,No,2026-04-14T14:34,Operations Control,13 hours,At Risk
SOFA 2026 Pavilion A - Immersive Experiences,Furniture Deployment,Credential checkpoint,Secondary aisle,Check verification workflow status,Simulated note: pending site confirmation with operations lead.,Logistics support team,Not Started,Yes,No,2026-05-16T02:52,Venue Logistics,49 hours,Complete
SOFA 2026 Pavilion B - Artist Alley,Electrical Layout,Emergency corridor clearance,Secondary aisle,Check verification workflow status,Simulated note: field observation added for audit traceability.,Field operations lead,In Progress,No,No,2026-05-11T16:02,Safety Review,29 hours,Pending Verification
SOFA 2026 Pavilion C - Esports Arena,Electrical Layout,Operational briefing,Secondary aisle,Align role description with owner team,Simulated note: verification can proceed after handoff evidence.,Operational audit analyst,In Progress,No,No,2026-05-12T11:41,Exhibitor Services,23 hours,Pending Verification
SOFA 2026 Pavilion D - Maker Lab,Signal Routing,Credential checkpoint,,Align role description with owner team,Simulated note: dependency requires module-level review.,Operational audit analyst,Implemented,Yes,No,2026-04-08T16:43,Operations Control,61 hours,Complete
SOFA 2026 Pavilion E - Retail Corridor,Signal Routing,Operational briefing,Secondary aisle,Review sparse hierarchy assignment,Simulated note: field observation added for audit traceability.,Operational audit analyst,Verified,Yes,No,2026-04-15T06:54,Operations Control,63 hours,Complete
SOFA 2026 Pavilion F - Food Court,,Credential checkpoint,Zone marker,Confirm implementation tracking milestone,Simulated note: pending site confirmation with operations lead.,Implementation tracker,Implemented,No,Yes,2026-05-25T00:24,Exhibitor Services,29 hours,At Risk
SOFA 2026 Pavilion G - Auditorium,Furniture Deployment,Credential checkpoint,,Review sparse hierarchy assignment,Simulated note: verification can proceed after handoff evidence.,Implementation tracker,Verified,Yes,No,2026-04-28T16:46,Infrastructure,29 hours,Complete
SOFA 2026 Pavilion A - Immersive Experiences,Signal Routing,Floor plan validation,,Resolve urgent requirement before pavilion handoff,Simulated note: dependency requires module-level review.,Implementation tracker,Implemented,No,No,2026-06-10T03:20,Venue Logistics,15 hours,At Risk
SOFA 2026 Pavilion B - Artist Alley,Furniture Deployment,Equipment reception,Public-facing desk,Confirm implementation tracking milestone,Simulated note: verification can proceed after handoff evidence.,Operational audit analyst,Implemented,No,No,2026-05-29T06:45,Infrastructure,51 hours,Blocked
SOFA 2026 Pavilion C - Esports Arena,Signal Routing,Floor plan validation,,Review sparse hierarchy assignment,Simulated note: dependency requires module-level review.,Verification reviewer,Not Started,Yes,No,2026-06-02T05:06,Operations Control,16 hours,Complete
SOFA 2026 Pavilion D - Maker Lab,Safety Inspection,Operational briefing,Zone marker,Validate logistics dashboard record consistency,Simulated note: dependency requires module-level review.,Logistics support team,Verified,Yes,No,2026-05-01T10:39,Exhibitor Services,35 hours,Complete
SOFA 2026 Pavilion E - Retail Corridor,Furniture Deployment,Equipment reception,,Review sparse hierarchy assignment,Simulated note: pending site confirmation with operations lead.,Field operations lead,In Progress,No,No,2026-04-16T23:04,Operations Control,39 hours,At Risk
SOFA 2026 Pavilion F - Food Court,Safety Inspection,Power drop mapping,Public-facing desk,Validate logistics dashboard record consistency,Simulated note: no production source connected in this public dataset.,Field operations lead,In Progress,No,No,2026-05-20T10:02,Safety Review,19 hours,On Track
SOFA 2026 Pavilion G - Auditorium,Furniture Deployment,Equipment reception,Back wall,Update technical note for field team,Simulated note: verification can proceed after handoff evidence.,Verification reviewer,In Progress,No,No,2026-04-10T07:15,Safety Review,40 hours,Pending Verification
SOFA 2026 Pavilion A - Immersive Experiences,Signal Routing,Table and chair setup,,Update technical note for field team,Simulated note: dependency requires module-level review.,Operational audit analyst,In Progress,No,No,2026-05-07T20:06,Infrastructure,63 hours,On Track
SOFA 2026 Pavilion B - Artist Alley,Queue Management,Table and chair setup,Public-facing desk,Validate logistics dashboard record consistency,Simulated note: field observation added for audit traceability.,Verification reviewer,Not Started,No,Yes,2026-05-21T10:31,Technical Production,46 hours,On Track
SOFA 2026 Pavilion C - Esports Arena,Queue Management,Directional signage,Main aisle,Confirm implementation tracking milestone,Simulated note: no production source connected in this public dataset.,Implementation tracker,Verified,Yes,Yes,2026-05-05T17:34,Exhibitor Services,24 hours,Complete
SOFA 2026 Pavilion D - Maker Lab,Signal Routing,Table and chair setup,Main aisle,Confirm implementation tracking milestone,Simulated note: pending site confirmation with operations lead.,Operational audit analyst,Planned,No,No,2026-04-28T21:39,Operations Control,2 hours,Complete
SOFA 2026 Pavilion E - Retail Corridor,Queue Management,Table and chair setup,,Confirm implementation tracking milestone,Simulated note: verification can proceed after handoff evidence.,Logistics support team,Implemented,No,No,2026-05-05T04:09,Safety Review,71 hours,On Track
SOFA 2026 Pavilion F - Food Court,Signal Routing,Table and chair setup,Public-facing desk,Document operational audit evidence,Simulated note: verification can proceed after handoff evidence.,Operational audit analyst,Planned,No,No,2026-04-25T03:32,Infrastructure,25 hours,Pending Verification
SOFA 2026 Pavilion G - Auditorium,Signal Routing,Table and chair setup,Public-facing desk,Update technical note for field team,Simulated note: field observation added for audit traceability.,Implementation tracker,In Progress,No,No,2026-04-07T22:48,Exhibitor Services,56 hours,Pending Verification
SOFA 2026 Pavilion A - Immersive Experiences,,Directional signage,,Update technical note for field team,Simulated note: field observation added for audit traceability.,Field operations lead,Not Started,No,No,2026-04-13T02:00,Venue Logistics,20 hours,At Risk
SOFA 2026 Pavilion B - Artist Alley,Safety Inspection,Emergency corridor clearance,Storage corner,Align role description with owner team,Simulated note: pending site confirmation with operations lead.,Pavilion coordinator,Implemented,No,Yes,2026-04-30T20:31,Technical Production,42 hours,At Risk
SOFA 2026 Pavilion C - Esports Arena,,Table and chair setup,Public-facing desk,Align role description with owner team,Simulated note: pending site confirmation with operations lead.,Logistics support team,Verified,Yes,No,2026-05-13T16:55,Operations Control,38 hours,Complete
SOFA 2026 Pavilion D - Maker Lab,Queue Management,Cable protection,Storage corner,Resolve urgent requirement before pavilion handoff,Simulated note: pending site confirmation with operations lead.,Implementation tracker,Implemented,No,No,2026-04-04T06:01,Infrastructure,38 hours,Pending Verification
SOFA 2026 Pavilion E - Retail Corridor,Safety Inspection,Cable protection,Control point,Align role description with owner team,Simulated note: no production source connected in this public dataset.,Logistics support team,Planned,No,No,2026-04-11T08:11,Venue Logistics,66 hours,On Track
SOFA 2026 Pavilion F - Food Court,Queue Management,Cable protection,,Align role description with owner team,Simulated note: dependency requires module-level review.,Logistics support team,In Progress,No,No,2026-05-27T12:52,Operations Control,31 hours,On Track
SOFA 2026 Pavilion G - Auditorium,Safety Inspection,Directional signage,Storage corner,Confirm implementation tracking milestone,Simulated note: pending site confirmation with operations lead.,Field operations lead,Implemented,No,No,2026-04-04T22:40,Infrastructure,19 hours,On Track
SOFA 2026 Pavilion A - Immersive Experiences,Branding Installation,Cable protection,Public-facing desk,Update technical note for field team,Simulated note: field observation added for audit traceability.,Pavilion coordinator,Implemented,No,No,2026-05-31T22:13,Safety Review,67 hours,Complete
SOFA 2026 Pavilion B - Artist Alley,Branding Installation,Operational briefing,Zone marker,Update technical note for field team,Simulated note: verification can proceed after handoff evidence.,Pavilion coordinator,In Progress,No,No,2026-06-09T20:20,Venue Logistics,2 hours,On Track
SOFA 2026 Pavilion C - Esports Arena,Branding Installation,Emergency corridor clearance,Main aisle,Align role description with owner team,Simulated note: no production source connected in this public dataset.,Implementation tracker,Verified,Yes,No,2026-04-25T23:22,Operations Control,23 hours,Complete
SOFA 2026 Pavilion D - Maker Lab,Inventory Handoff,Operational briefing,Storage corner,Confirm implementation tracking milestone,Simulated note: dependency requires module-level review.,Implementation tracker,Implemented,No,No,2026-04-25T19:04,Venue Logistics,30 hours,Pending Verification
SOFA 2026 Pavilion E - Retail Corridor,Queue Management,Credential checkpoint,Back wall,Update technical note for field team,Simulated note: pending site confirmation with operations lead.,Implementation tracker,Planned,No,No,2026-04-06T01:51,Exhibitor Services,22 hours,On Track
SOFA 2026 Pavilion F - Food Court,Inventory Handoff,Equipment reception,,Document operational audit evidence,Simulated note: field observation added for audit traceability.,Pavilion coordinator,Implemented,No,No,2026-05-25T13:22,Operations Control,37 hours,On Track
SOFA 2026 Pavilion G - Auditorium,Inventory Handoff,Emergency corridor clearance,Secondary aisle,Review sparse hierarchy assignment,Simulated note: verification can proceed after handoff evidence.,Verification reviewer,Verified,Yes,No,2026-06-07T15:09,Safety Review,56 hours,Complete
SOFA 2026 Pavilion A - Immersive Experiences,Inventory Handoff,Floor plan validation,,Confirm implementation tracking milestone,Simulated note: no production source connected in this public dataset.,Operational audit analyst,Verified,Yes,No,2026-06-03T20:03,Technical Production,31 hours,Complete
SOFA 2026 Pavilion B - Artist Alley,Branding Installation,Equipment reception,,Resolve urgent requirement before pavilion handoff,Simulated note: pending site confirmation with operations lead.,Logistics support team,Verified,Yes,No,2026-05-22T16:34,Exhibitor Services,33 hours,Complete
SOFA 2026 Pavilion C - Esports Arena,Access Control,Stand readiness,,Confirm implementation tracking milestone,Simulated note: dependency requires module-level review.,Verification reviewer,Planned,No,No,2026-04-27T07:33,Safety Review,10 hours,Complete
SOFA 2026 Pavilion D - Maker Lab,Branding Installation,Stand readiness,Storage corner,Document operational audit evidence,Simulated note: no production source connected in this public dataset.,Operational audit analyst,In Progress,Yes,No,2026-05-21T06:57,Exhibitor Services,4 hours,Complete
SOFA 2026 Pavilion E - Retail Corridor,Inventory Handoff,Floor plan validation,,Resolve urgent requirement before pavilion handoff,Simulated note: pending site confirmation with operations lead.,Field operations lead,Planned,No,No,2026-04-26T21:57,Safety Review,61 hours,Pending Verification
SOFA 2026 Pavilion F - Food Court,Branding Installation,Operational briefing,,Update technical note for field team,Simulated note: no production source connected in this public dataset.,Pavilion coordinator,Implemented,No,No,2026-05-15T22:18,Safety Review,43 hours,On Track
SOFA 2026 Pavilion G - Auditorium,Inventory Handoff,Equipment reception,Secondary aisle,Align role description with owner team,Simulated note: field observation added for audit traceability.,Pavilion coordinator,Planned,No,No,2026-04-12T09:17,Safety Review,47 hours,On Track
SOFA 2026 Pavilion A - Immersive Experiences,Access Control,Stand readiness,Main aisle,Validate logistics dashboard record consistency,Simulated note: field observation added for audit traceability.,Operational audit analyst,In Progress,Yes,Yes,2026-05-08T15:23,Infrastructure,66 hours,Complete
SOFA 2026 Pavilion B - Artist Alley,Electrical Layout,Stand readiness,,Review sparse hierarchy assignment,Simulated note: dependency requires module-level review.,Field operations lead,Verified,Yes,No,2026-04-09T13:55,Infrastructure,49 hours,Complete
SOFA 2026 Pavilion C - Esports Arena,Inventory Handoff,Table and chair setup,,Update technical note for field team,Simulated note: pending site confirmation with operations lead.,Implementation tracker,In Progress,No,No,2026-06-12T15:12,Infrastructure,9 hours,Complete
SOFA 2026 Pavilion D - Maker Lab,Access Control,Table and chair setup,Zone marker,Document operational audit evidence,Simulated note: field observation added for audit traceability.,Verification reviewer,In Progress,No,Yes,2026-04-09T18:16,Safety Review,60 hours,At Risk
SOFA 2026 Pavilion E - Retail Corridor,Access Control,Power drop mapping,,Align role description with owner team,Simulated note: no production source connected in this public dataset.,Logistics support team,Not Started,No,Yes,2026-06-01T14:56,Infrastructure,50 hours,Pending Verification
SOFA 2026 Pavilion F - Food Court,Electrical Layout,Directional signage,,Review sparse hierarchy assignment,Simulated note: pending site confirmation with operations lead.,Verification reviewer,In Progress,No,No,2026-05-05T20:51,Technical Production,62 hours,Blocked
SOFA 2026 Pavilion G - Auditorium,Access Control,Floor plan validation,Control point,Confirm implementation tracking milestone,Simulated note: dependency requires module-level review.,Operational audit analyst,Verified,Yes,No,2026-04-16T05:36,Infrastructure,61 hours,Complete
SOFA 2026 Pavilion A - Immersive Experiences,Furniture Deployment,Power drop mapping,Public-facing desk,Align role description with owner team,Simulated note: verification can proceed after handoff evidence.,Verification reviewer,Implemented,No,No,2026-04-05T17:41,Operations Control,55 hours,At Risk
SOFA 2026 Pavilion B - Artist Alley,Electrical Layout,Directional signage,Main aisle,Align role description with owner team,Simulated note: verification can proceed after handoff evidence.,Implementation tracker,Implemented,No,Yes,2026-05-15T12:57,Infrastructure,17 hours,At Risk
SOFA 2026 Pavilion C - Esports Arena,Electrical Layout,Table and chair setup,Control point,Align role description with owner team,Simulated note: verification can proceed after handoff evidence.,Implementation tracker,Planned,No,No,2026-04-04T18:44,Venue Logistics,25 hours,Pending Verification
SOFA 2026 Pavilion D - Maker Lab,Access Control,Power drop mapping,,Check verification workflow status,Simulated note: pending site confirmation with operations lead.,Implementation tracker,Verified,Yes,No,2026-05-21T12:00,Safety Review,58 hours,Complete
SOFA 2026 Pavilion E - Retail Corridor,Access Control,Table and chair setup,Storage corner,Resolve urgent requirement before pavilion handoff,Simulated note: verification can proceed after handoff evidence.,Field operations lead,Verified,Yes,Yes,2026-05-31T11:48,Technical Production,50 hours,Complete
SOFA 2026 Pavilion F - Food Court,Access Control,Directional signage,Control point,Confirm implementation tracking milestone,Simulated note: pending site confirmation with operations lead.,Logistics support team,Implemented,No,No,2026-04-02T00:31,Safety Review,26 hours,On Track
SOFA 2026 Pavilion G - Auditorium,Access Control,Credential checkpoint,,Update technical note for field team,Simulated note: verification can proceed after handoff evidence.,Pavilion coordinator,Implemented,Yes,No,2026-05-11T21:09,Venue Logistics,15 hours,Complete
SOFA 2026 Pavilion A - Immersive Experiences,Electrical Layout,Emergency corridor clearance,Storage corner,Check verification workflow status,Simulated note: dependency requires module-level review.,Field operations lead,Implemented,No,No,2026-04-15T07:34,Safety Review,29 hours,At Risk
SOFA 2026 Pavilion B - Artist Alley,Furniture Deployment,Credential checkpoint,Zone marker,Align role description with owner team,Simulated note: pending site confirmation with operations lead.,Pavilion coordinator,Verified,Yes,No,2026-04-30T18:49,Safety Review,57 hours,Complete
SOFA 2026 Pavilion C - Esports Arena,Signal Routing,Emergency corridor clearance,Zone marker,Check verification workflow status,Simulated note: pending site confirmation with operations lead.,Field operations lead,In Progress,No,No,2026-05-17T22:09,Technical Production,47 hours,On Track
SOFA 2026 Pavilion D - Maker Lab,Signal Routing,Stand readiness,Control point,Check verification workflow status,Simulated note: dependency requires module-level review.,Verification reviewer,In Progress,No,No,2026-04-10T10:37,Infrastructure,43 hours,On Track
SOFA 2026 Pavilion E - Retail Corridor,Furniture Deployment,Stand readiness,,Confirm implementation tracking milestone,Simulated note: field observation added for audit traceability.,Implementation tracker,Verified,Yes,No,2026-05-10T09:28,Operations Control,48 hours,Complete
SOFA 2026 Pavilion F - Food Court,Furniture Deployment,Emergency corridor clearance,Back wall,Check verification workflow status,Simulated note: no production source connected in this public dataset.,Implementation tracker,Planned,No,No,2026-05-06T05:59,Technical Production,71 hours,Pending Verification
SOFA 2026 Pavilion G - Auditorium,Furniture Deployment,Credential checkpoint,Storage corner,Check verification workflow status,Simulated note: verification can proceed after handoff evidence.,Operational audit analyst,In Progress,Yes,No,2026-04-13T09:42,Infrastructure,30 hours,Complete
SOFA 2026 Pavilion A - Immersive Experiences,Safety Inspection,Stand readiness,Secondary aisle,Align role description with owner team,Simulated note: pending site confirmation with operations lead.,Pavilion coordinator,In Progress,No,No,2026-05-24T15:58,Safety Review,41 hours,Complete
SOFA 2026 Pavilion B - Artist Alley,Signal Routing,Stand readiness,Secondary aisle,Update technical note for field team,Simulated note: verification can proceed after handoff evidence.,Operational audit analyst,Implemented,No,No,2026-05-18T18:43,Operations Control,44 hours,Complete
SOFA 2026 Pavilion C - Esports Arena,Furniture Deployment,Operational briefing,,Validate logistics dashboard record consistency,Simulated note: dependency requires module-level review.,Implementation tracker,Verified,Yes,Yes,2026-05-05T10:04,Safety Review,20 hours,Complete
SOFA 2026 Pavilion D - Maker Lab,Safety Inspection,Floor plan validation,,Check verification workflow status,Simulated note: no production source connected in this public dataset.,Implementation tracker,In Progress,No,No,2026-04-15T11:43,Safety Review,72 hours,On Track
SOFA 2026 Pavilion E - Retail Corridor,Signal Routing,Equipment reception,Back wall,Review sparse hierarchy assignment,Simulated note: field observation added for audit traceability.,Operational audit analyst,Verified,Yes,No,2026-04-27T19:59,Venue Logistics,39 hours,Complete
SOFA 2026 Pavilion F - Food Court,Furniture Deployment,Floor plan validation,Zone marker,Resolve urgent requirement before pavilion handoff,Simulated note: dependency requires module-level review.,Logistics support team,In Progress,Yes,No,2026-04-30T06:36,Operations Control,18 hours,Complete
SOFA 2026 Pavilion G - Auditorium,Safety Inspection,Operational briefing,Storage corner,Document operational audit evidence,Simulated note: no production source connected in this public dataset.,Operational audit analyst,Implemented,Yes,No,2026-06-13T04:50,Technical Production,58 hours,Complete
SOFA 2026 Pavilion A - Immersive Experiences,Signal Routing,Stand readiness,Main aisle,Document operational audit evidence,Simulated note: no production source connected in this public dataset.,Implementation tracker,Verified,Yes,No,2026-04-28T15:09,Infrastructure,16 hours,Complete
SOFA 2026 Pavilion B - Artist Alley,Safety Inspection,Table and chair setup,Back wall,Review sparse hierarchy assignment,Simulated note: no production source connected in this public dataset.,Pavilion coordinator,Not Started,No,No,2026-05-10T02:12,Safety Review,51 hours,On Track
SOFA 2026 Pavilion C - Esports Arena,Safety Inspection,Stand readiness,,Update technical note for field team,Simulated note: dependency requires module-level review.,Logistics support team,In Progress,No,No,2026-05-09T14:46,Operations Control,12 hours,At Risk
SOFA 2026 Pavilion D - Maker Lab,Queue Management,Table and chair setup,Main aisle,Review sparse hierarchy assignment,Simulated note: no production source connected in this public dataset.,Logistics support team,In Progress,No,Yes,2026-04-07T02:38,Exhibitor Services,6 hours,At Risk
SOFA 2026 Pavilion E - Retail Corridor,Signal Routing,Directional signage,Secondary aisle,Align role description with owner team,Simulated note: pending site confirmation with operations lead.,Operational audit analyst,Implemented,Yes,No,2026-04-20T22:36,Operations Control,4 hours,Complete
SOFA 2026 Pavilion F - Food Court,Safety Inspection,Directional signage,Secondary aisle,Align role description with owner team,Simulated note: verification can proceed after handoff evidence.,Field operations lead,Implemented,No,Yes,2026-05-03T14:11,Technical Production,66 hours,On Track
SOFA 2026 Pavilion G - Auditorium,Queue Management,Power drop mapping,Secondary aisle,Review sparse hierarchy assignment,Simulated note: no production source connected in this public dataset.,Implementation tracker,In Progress,No,No,2026-05-31T07:15,Exhibitor Services,18 hours,On Track
SOFA 2026 Pavilion A - Immersive Experiences,Queue Management,Table and chair setup,Storage corner,Validate logistics dashboard record consistency,Simulated note: verification can proceed after handoff evidence.,Implementation tracker,Implemented,No,No,2026-04-12T00:31,Operations Control,34 hours,On Track
SOFA 2026 Pavilion B - Artist Alley,Queue Management,Power drop mapping,Secondary aisle,Resolve urgent requirement before pavilion handoff,Simulated note: pending site confirmation with operations lead.,Field operations lead,In Progress,No,No,2026-04-23T16:18,Venue Logistics,18 hours,Pending Verification
SOFA 2026 Pavilion C - Esports Arena,Queue Management,Cable protection,,Resolve urgent requirement before pavilion handoff,Simulated note: field observation added for audit traceability.,Field operations lead,In Progress,No,No,2026-05-19T06:56,Exhibitor Services,15 hours,Pending Verification
SOFA 2026 Pavilion D - Maker Lab,Queue Management,Table and chair setup,,Document operational audit evidence,Simulated note: no production source connected in this public dataset.,Logistics support team,Not Started,No,No,2026-05-26T01:51,Technical Production,6 hours,At Risk
SOFA 2026 Pavilion E - Retail Corridor,Queue Management,Directional signage,Zone marker,Update technical note for field team,Simulated note: field observation added for audit traceability.,Operational audit analyst,In Progress,Yes,No,2026-05-17T20:16,Safety Review,31 hours,Complete
SOFA 2026 Pavilion F - Food Court,Branding Installation,Power drop mapping,Zone marker,Confirm implementation tracking milestone,Simulated note: field observation added for audit traceability.,Pavilion coordinator,Verified,Yes,No,2026-04-16T11:04,Safety Review,10 hours,Complete
SOFA 2026 Pavilion G - Auditorium,Safety Inspection,Credential checkpoint,Storage corner,Document operational audit evidence,Simulated note: no production source connected in this public dataset.,Operational audit analyst,Planned,No,No,2026-04-08T15:17,Venue Logistics,67 hours,Complete
SOFA 2026 Pavilion A - Immersive Experiences,Branding Installation,Credential checkpoint,,Resolve urgent requirement before pavilion handoff,Simulated note: pending site confirmation with operations lead.,Verification reviewer,Verified,Yes,Yes,2026-04-09T16:36,Safety Review,22 hours,Complete
SOFA 2026 Pavilion B - Artist Alley,Queue Management,Table and chair setup,Storage corner,Resolve urgent requirement before pavilion handoff,Simulated note: no production source connected in this public dataset.,Verification reviewer,Planned,No,No,2026-04-21T12:22,Infrastructure,53 hours,On Track
SOFA 2026 Pavilion C - Esports Arena,Branding Installation,Directional signage,,Validate logistics dashboard record consistency,Simulated note: verification can proceed after handoff evidence.,Operational audit analyst,Implemented,No,No,2026-04-28T18:16,Venue Logistics,15 hours,At Risk
SOFA 2026 Pavilion D - Maker Lab,Queue Management,Directional signage,Control point,Resolve urgent requirement before pavilion handoff,Simulated note: no production source connected in this public dataset.,Logistics support team,In Progress,No,No,2026-04-27T10:53,Safety Review,10 hours,Complete
SOFA 2026 Pavilion E - Retail Corridor,Branding Installation,Directional signage,Storage corner,Confirm implementation tracking milestone,Simulated note: verification can proceed after handoff evidence.,Field operations lead,In Progress,Yes,No,2026-04-23T14:21,Exhibitor Services,17 hours,Complete
SOFA 2026 Pavilion F - Food Court,Inventory Handoff,Emergency corridor clearance,Control point,Update technical note for field team,Simulated note: pending site confirmation with operations lead.,Field operations lead,Verified,Yes,No,2026-05-29T03:15,Operations Control,11 hours,Complete
SOFA 2026 Pavilion G - Auditorium,Queue Management,Stand readiness,Secondary aisle,Validate logistics dashboard record consistency,Simulated note: dependency requires module-level review.,Field operations lead,In Progress,No,No,2026-04-04T15:48,Venue Logistics,40 hours,On Track
SOFA 2026 Pavilion A - Immersive Experiences,,Operational briefing,Back wall,Validate logistics dashboard record consistency,Simulated note: no production source connected in this public dataset.,Verification reviewer,Planned,No,No,2026-04-12T13:59,Venue Logistics,36 hours,At Risk
SOFA 2026 Pavilion B - Artist Alley,Inventory Handoff,Operational briefing,Public-facing desk,Review sparse hierarchy assignment,Simulated note: no production source connected in this public dataset.,Field operations lead,Planned,Yes,No,2026-04-10T12:23,Safety Review,16 hours,Complete
SOFA 2026 Pavilion C - Esports Arena,Branding Installation,Emergency corridor clearance,Back wall,Resolve urgent requirement before pavilion handoff,Simulated note: field observation added for audit traceability.,Verification reviewer,Implemented,No,Yes,2026-04-05T20:50,Technical Production,51 hours,Pending Verification
SOFA 2026 Pavilion D - Maker Lab,Inventory Handoff,Emergency corridor clearance,Back wall,Confirm implementation tracking milestone,Simulated note: field observation added for audit traceability.,Verification reviewer,In Progress,No,Yes,2026-04-25T04:18,Exhibitor Services,65 hours,On Track
SOFA 2026 Pavilion E - Retail Corridor,Access Control,Credential checkpoint,Back wall,Resolve urgent requirement before pavilion handoff,Simulated note: pending site confirmation with operations lead.,Field operations lead,Planned,Yes,No,2026-06-14T20:10,Venue Logistics,41 hours,Complete
SOFA 2026 Pavilion F - Food Court,Branding Installation,Operational briefing,Secondary aisle,Validate logistics dashboard record consistency,Simulated note: verification can proceed after handoff evidence.,Pavilion coordinator,Implemented,Yes,No,2026-06-03T15:08,Infrastructure,55 hours,Complete
SOFA 2026 Pavilion G - Auditorium,Branding Installation,Operational briefing,Main aisle,Align role description with owner team,Simulated note: verification can proceed after handoff evidence.,Implementation tracker,Planned,Yes,No,2026-05-02T14:37,Operations Control,72 hours,Complete
SOFA 2026 Pavilion A - Immersive Experiences,Access Control,Stand readiness,Public-facing desk,Update technical note for field team,Simulated note: no production source connected in this public dataset.,Pavilion coordinator,Implemented,No,Yes,2026-04-17T08:14,Exhibitor Services,6 hours,On Track
SOFA 2026 Pavilion B - Artist Alley,Inventory Handoff,Equipment reception,Control point,Review sparse hierarchy assignment,Simulated note: dependency requires module-level review.,Operational audit analyst,Not Started,Yes,No,2026-06-01T17:51,Safety Review,46 hours,Complete
SOFA 2026 Pavilion C - Esports Arena,Access Control,Equipment reception,Zone marker,Align role description with owner team,Simulated note: dependency requires module-level review.,Field operations lead,Planned,Yes,No,2026-04-18T01:38,Infrastructure,37 hours,Complete
SOFA 2026 Pavilion D - Maker Lab,Electrical Layout,Floor plan validation,Public-facing desk,Check verification workflow status,Simulated note: verification can proceed after handoff evidence.,Logistics support team,Planned,No,No,2026-05-20T16:10,Venue Logistics,58 hours,On Track
SOFA 2026 Pavilion E - Retail Corridor,Access Control,Stand readiness,Control point,Review sparse hierarchy assignment,Simulated note: no production source connected in this public dataset.,Pavilion coordinator,Implemented,No,No,2026-04-08T23:26,Exhibitor Services,71 hours,At Risk
SOFA 2026 Pavilion F - Food Court,Access Control,Floor plan validation,Zone marker,Confirm implementation tracking milestone,Simulated note: field observation added for audit traceability.,Verification reviewer,In Progress,No,No,2026-05-20T14:16,Infrastructure,71 hours,At Risk
SOFA 2026 Pavilion G - Auditorium,Inventory Handoff,Floor plan validation,,Align role description with owner team,Simulated note: dependency requires module-level review.,Verification reviewer,Verified,Yes,No,2026-05-08T08:02,Operations Control,40 hours,Complete
SOFA 2026 Pavilion A - Immersive Experiences,Electrical Layout,Directional signage,Secondary aisle,Update technical note for field team,Simulated note: dependency requires module-level review.,Pavilion coordinator,Implemented,No,No,2026-05-18T12:06,Venue Logistics,64 hours,On Track
SOFA 2026 Pavilion B - Artist Alley,Electrical Layout,Power drop mapping,Secondary aisle,Resolve urgent requirement before pavilion handoff,Simulated note: verification can proceed after handoff evidence.,Pavilion coordinator,Planned,No,No,2026-05-19T13:26,Operations Control,12 hours,Complete
SOFA 2026 Pavilion C - Esports Arena,Furniture Deployment,Power drop mapping,Secondary aisle,Align role description with owner team,Simulated note: dependency requires module-level review.,Logistics support team,Not Started,No,No,2026-04-20T06:05,Safety Review,48 hours,On Track
SOFA 2026 Pavilion D - Maker Lab,Furniture Deployment,Table and chair setup,Back wall,Document operational audit evidence,Simulated note: verification can proceed after handoff evidence.,Pavilion coordinator,In Progress,No,No,2026-04-28T19:16,Exhibitor Services,44 hours,On Track
SOFA 2026 Pavilion E - Retail Corridor,Access Control,Cable protection,Public-facing desk,Review sparse hierarchy assignment,Simulated note: dependency requires module-level review.,Pavilion coordinator,In Progress,Yes,No,2026-04-06T13:13,Venue Logistics,52 hours,Complete
SOFA 2026 Pavilion F - Food Court,Furniture Deployment,Table and chair setup,Secondary aisle,Resolve urgent requirement before pavilion handoff,Simulated note: field observation added for audit traceability.,Implementation tracker,Verified,Yes,No,2026-06-13T04:53,Exhibitor Services,19 hours,Complete
SOFA 2026 Pavilion G - Auditorium,Access Control,Cable protection,Public-facing desk,Resolve urgent requirement before pavilion handoff,Simulated note: pending site confirmation with operations lead.,Operational audit analyst,Not Started,Yes,No,2026-06-02T22:37,Technical Production,52 hours,Complete
SOFA 2026 Pavilion A - Immersive Experiences,Signal Routing,Power drop mapping,,Review sparse hierarchy assignment,Simulated note: pending site confirmation with operations lead.,Verification reviewer,Verified,Yes,No,2026-05-18T07:38,Safety Review,24 hours,Complete
SOFA 2026 Pavilion B - Artist Alley,Electrical Layout,Directional signage,,Resolve urgent requirement before pavilion handoff,Simulated note: no production source connected in this public dataset.,Pavilion coordinator,Planned,Yes,No,2026-05-04T02:02,Venue Logistics,9 hours,Complete
SOFA 2026 Pavilion C - Esports Arena,Furniture Deployment,Table and chair setup,Zone marker,Document operational audit evidence,Simulated note: pending site confirmation with operations lead.,Operational audit analyst,Planned,No,No,2026-06-13T05:47,Safety Review,69 hours,Complete
SOFA 2026 Pavilion D - Maker Lab,Furniture Deployment,Credential checkpoint,Zone marker,Check verification workflow status,Simulated note: field observation added for audit traceability.,Logistics support team,Implemented,No,No,2026-04-14T13:13,Exhibitor Services,3 hours,Pending Verification
SOFA 2026 Pavilion E - Retail Corridor,Furniture Deployment,Emergency corridor clearance,Control point,Resolve urgent requirement before pavilion handoff,Simulated note: pending site confirmation with operations lead.,Logistics support team,In Progress,No,No,2026-05-27T00:10,Exhibitor Services,42 hours,On Track
SOFA 2026 Pavilion F - Food Court,Electrical Layout,Emergency corridor clearance,Main aisle,Confirm implementation tracking milestone,Simulated note: verification can proceed after handoff evidence.,Verification reviewer,In Progress,No,No,2026-04-09T17:35,Exhibitor Services,16 hours,Pending Verification
SOFA 2026 Pavilion G - Auditorium,Signal Routing,Operational briefing,Main aisle,Validate logistics dashboard record consistency,Simulated note: field observation added for audit traceability.,Logistics support team,In Progress,No,No,2026-05-27T13:38,Exhibitor Services,23 hours,Pending Verification
SOFA 2026 Pavilion A - Immersive Experiences,Signal Routing,Stand readiness,Back wall,Update technical note for field team,Simulated note: field observation added for audit traceability.,Implementation tracker,In Progress,No,No,2026-05-09T06:46,Exhibitor Services,59 hours,On Track
SOFA 2026 Pavilion B - Artist Alley,Safety Inspection,Operational briefing,,Validate logistics dashboard record consistency,Simulated note: no production source connected in this public dataset.,Operational audit analyst,Planned,Yes,No,2026-06-02T07:32,Technical Production,3 hours,Complete
SOFA 2026 Pavilion C - Esports Arena,Furniture Deployment,Credential checkpoint,Public-facing desk,Check verification workflow status,Simulated note: no production source connected in this public dataset.,Verification reviewer,In Progress,No,No,2026-04-18T20:09,Technical Production,58 hours,Complete
SOFA 2026 Pavilion D - Maker Lab,Signal Routing,Emergency corridor clearance,Public-facing desk,Check verification workflow status,Simulated note: verification can proceed after handoff evidence.,Verification reviewer,In Progress,Yes,No,2026-05-26T15:50,Venue Logistics,6 hours,Complete
SOFA 2026 Pavilion E - Retail Corridor,Furniture Deployment,Equipment reception,Control point,Review sparse hierarchy assignment,Simulated note: dependency requires module-level review.,Field operations lead,Planned,No,No,2026-05-15T17:22,Operations Control,20 hours,Blocked
SOFA 2026 Pavilion F - Food Court,Safety Inspection,Credential checkpoint,Back wall,Check verification workflow status,Simulated note: pending site confirmation with operations lead.,Implementation tracker,Implemented,No,No,2026-05-14T02:04,Exhibitor Services,2 hours,At Risk
SOFA 2026 Pavilion G - Auditorium,Furniture Deployment,Credential checkpoint,,Document operational audit evidence,Simulated note: dependency requires module-level review.,Verification reviewer,Implemented,No,No,2026-05-20T17:52,Operations Control,20 hours,Complete
SOFA 2026 Pavilion A - Immersive Experiences,Signal Routing,Equipment reception,Back wall,Review sparse hierarchy assignment,Simulated note: no production source connected in this public dataset.,Verification reviewer,Verified,Yes,No,2026-04-28T14:20,Safety Review,66 hours,Complete
SOFA 2026 Pavilion B - Artist Alley,Safety Inspection,Credential checkpoint,Main aisle,Document operational audit evidence,Simulated note: pending site confirmation with operations lead.,Implementation tracker,Implemented,No,No,2026-04-21T23:11,Infrastructure,21 hours,On Track
SOFA 2026 Pavilion C - Esports Arena,Signal Routing,Equipment reception,Secondary aisle,Confirm implementation tracking milestone,Simulated note: verification can proceed after handoff evidence.,Verification reviewer,Not Started,No,No,2026-04-02T11:23,Exhibitor Services,7 hours,On Track
SOFA 2026 Pavilion D - Maker Lab,Signal Routing,Stand readiness,Public-facing desk,Update technical note for field team,Simulated note: dependency requires module-level review.,Verification reviewer,Implemented,No,No,2026-06-06T12:44,Safety Review,48 hours,Complete
SOFA 2026 Pavilion E - Retail Corridor,Signal Routing,Floor plan validation,Secondary aisle,Validate logistics dashboard record consistency,Simulated note: verification can proceed after handoff evidence.,Verification reviewer,Implemented,Yes,No,2026-04-08T09:06,Exhibitor Services,12 hours,Complete
SOFA 2026 Pavilion F - Food Court,Signal Routing,Power drop mapping,Public-facing desk,Update technical note for field team,Simulated note: pending site confirmation with operations lead.,Verification reviewer,Verified,Yes,No,2026-06-13T08:48,Operations Control,29 hours,Complete
SOFA 2026 Pavilion G - Auditorium,Safety Inspection,Floor plan validation,Secondary aisle,Document operational audit evidence,Simulated note: pending site confirmation with operations lead.,Field operations lead,Implemented,Yes,Yes,2026-05-08T03:29,Exhibitor Services,35 hours,Complete
SOFA 2026 Pavilion A - Immersive Experiences,,Equipment reception,Zone marker,Check verification workflow status,Simulated note: verification can proceed after handoff evidence.,Field operations lead,Planned,Yes,Yes,2026-04-16T17:44,Venue Logistics,46 hours,Complete
SOFA 2026 Pavilion B - Artist Alley,Queue Management,Floor plan validation,,Check verification workflow status,Simulated note: pending site confirmation with operations lead.,Pavilion coordinator,Not Started,No,No,2026-05-05T22:26,Infrastructure,32 hours,At Risk
SOFA 2026 Pavilion C - Esports Arena,Branding Installation,Floor plan validation,Zone marker,Validate logistics dashboard record consistency,Simulated note: field observation added for audit traceability.,Field operations lead,Verified,Yes,No,2026-04-10T16:17,Safety Review,20 hours,Complete
SOFA 2026 Pavilion D - Maker Lab,Safety Inspection,Table and chair setup,,Update technical note for field team,Simulated note: field observation added for audit traceability.,Pavilion coordinator,Verified,Yes,Yes,2026-05-22T17:23,Safety Review,52 hours,Complete
SOFA 2026 Pavilion E - Retail Corridor,Branding Installation,Power drop mapping,Public-facing desk,Update technical note for field team,Simulated note: field observation added for audit traceability.,Field operations lead,Planned,No,No,2026-05-26T17:50,Safety Review,72 hours,On Track
SOFA 2026 Pavilion F - Food Court,Branding Installation,Table and chair setup,Public-facing desk,Confirm implementation tracking milestone,Simulated note: field observation added for audit traceability.,Implementation tracker,In Progress,Yes,Yes,2026-04-09T14:43,Infrastructure,43 hours,Complete
SOFA 2026 Pavilion G - Auditorium,Queue Management,Directional signage,Storage corner,Align role description with owner team,Simulated note: verification can proceed after handoff evidence.,Field operations lead,Not Started,Yes,Yes,2026-05-31T05:33,Safety Review,66 hours,Complete
SOFA 2026 Pavilion A - Immersive Experiences,Branding Installation,Cable protection,,Confirm implementation tracking milestone,Simulated note: dependency requires module-level review.,Verification reviewer,In Progress,No,No,2026-05-16T20:28,Technical Production,38 hours,Blocked
SOFA 2026 Pavilion B - Artist Alley,Branding Installation,Emergency corridor clearance,Zone marker,Document operational audit evidence,Simulated note: verification can proceed after handoff evidence.,Logistics support team,Planned,No,No,2026-05-07T06:30,Operations Control,15 hours,On Track
SOFA 2026 Pavilion C - Esports Arena,Branding Installation,Power drop mapping,Zone marker,Resolve urgent requirement before pavilion handoff,Simulated note: field observation added for audit traceability.,Field operations lead,Implemented,No,Yes,2026-04-16T10:36,Safety Review,54 hours,On Track
SOFA 2026 Pavilion D - Maker Lab,Queue Management,Credential checkpoint,Zone marker,Align role description with owner team,Simulated note: dependency requires module-level review.,Field operations lead,Planned,No,No,2026-04-06T22:52,Venue Logistics,55 hours,On Track
SOFA 2026 Pavilion E - Retail Corridor,Queue Management,Directional signage,Main aisle,Document operational audit evidence,Simulated note: no production source connected in this public dataset.,Operational audit analyst,In Progress,No,No,2026-04-12T08:50,Venue Logistics,63 hours,Blocked
SOFA 2026 Pavilion F - Food Court,Inventory Handoff,Cable protection,Back wall,Update technical note for field team,Simulated note: field observation added for audit traceability.,Pavilion coordinator,Planned,No,No,2026-04-26T21:30,Infrastructure,72 hours,Blocked
SOFA 2026 Pavilion G - Auditorium,,Emergency corridor clearance,Public-facing desk,Confirm implementation tracking milestone,Simulated note: pending site confirmation with operations lead.,Field operations lead,Not Started,No,Yes,2026-05-31T18:35,Technical Production,64 hours,At Risk
SOFA 2026 Pavilion A - Immersive Experiences,Access Control,Directional signage,Main aisle,Confirm implementation tracking milestone,Simulated note: verification can proceed after handoff evidence.,Field operations lead,Planned,No,No,2026-06-07T01:11,Technical Production,14 hours,At Risk
SOFA 2026 Pavilion B - Artist Alley,Branding Installation,Credential checkpoint,Storage corner,Confirm implementation tracking milestone,Simulated note: verification can proceed after handoff evidence.,Verification reviewer,Planned,No,No,2026-06-01T06:01,Technical Production,18 hours,At Risk
SOFA 2026 Pavilion C - Esports Arena,Access Control,Cable protection,Secondary aisle,Update technical note for field team,Simulated note: field observation added for audit traceability.,Logistics support team,Implemented,No,Yes,2026-04-01T10:30,Infrastructure,23 hours,On Track
SOFA 2026 Pavilion D - Maker Lab,Inventory Handoff,Cable protection,Control point,Review sparse hierarchy assignment,Simulated note: field observation added for audit traceability.,Pavilion coordinator,In Progress,No,No,2026-05-13T12:53,Venue Logistics,48 hours,At Risk
SOFA 2026 Pavilion E - Retail Corridor,Inventory Handoff,Operational briefing,Secondary aisle,Document operational audit evidence,Simulated note: dependency requires module-level review.,Pavilion coordinator,Verified,Yes,No,2026-05-22T05:43,Exhibitor Services,62 hours,Complete
SOFA 2026 Pavilion F - Food Court,Branding Installation,Credential checkpoint,Public-facing desk,Validate logistics dashboard record consistency,Simulated note: verification can proceed after handoff evidence.,Pavilion coordinator,Planned,No,No,2026-06-03T23:02,Technical Production,70 hours,On Track
SOFA 2026 Pavilion G - Auditorium,Access Control,Stand readiness,Main aisle,Validate logistics dashboard record consistency,Simulated note: pending site confirmation with operations lead.,Pavilion coordinator,In Progress,Yes,No,2026-06-09T23:11,Technical Production,30 hours,Complete
SOFA 2026 Pavilion A - Immersive Experiences,Inventory Handoff,Stand readiness,,Update technical note for field team,Simulated note: verification can proceed after handoff evidence.,Field operations lead,Verified,Yes,No,2026-04-17T01:55,Technical Production,55 hours,Complete
SOFA 2026 Pavilion B - Artist Alley,Inventory Handoff,Credential checkpoint,Main aisle,Review sparse hierarchy assignment,Simulated note: pending site confirmation with operations lead.,Operational audit analyst,Implemented,No,No,2026-04-09T20:53,Infrastructure,3 hours,Pending Verification
SOFA 2026 Pavilion C - Esports Arena,Access Control,Equipment reception,Storage corner,Confirm implementation tracking milestone,Simulated note: field observation added for audit traceability.,Verification reviewer,Implemented,No,No,2026-04-15T19:41,Safety Review,34 hours,At Risk
SOFA 2026 Pavilion D - Maker Lab,Inventory Handoff,Equipment reception,Main aisle,Validate logistics dashboard record consistency,Simulated note: field observation added for audit traceability.,Implementation tracker,Not Started,No,No,2026-04-07T08:00,Safety Review,3 hours,Blocked
SOFA 2026 Pavilion E - Retail Corridor,Inventory Handoff,Floor plan validation,Back wall,Review sparse hierarchy assignment,Simulated note: pending site confirmation with operations lead.,Implementation tracker,Verified,Yes,No,2026-04-27T11:24,Venue Logistics,44 hours,Complete
SOFA 2026 Pavilion F - Food Court,Access Control,Operational briefing,Public-facing desk,Validate logistics dashboard record consistency,Simulated note: no production source connected in this public dataset.,Pavilion coordinator,Verified,Yes,No,2026-06-10T10:22,Safety Review,53 hours,Complete
SOFA 2026 Pavilion G - Auditorium,Inventory Handoff,Equipment reception,Main aisle,Resolve urgent requirement before pavilion handoff,Simulated note: field observation added for audit traceability.,Pavilion coordinator,In Progress,No,No,2026-04-18T17:18,Operations Control,40 hours,On Track
SOFA 2026 Pavilion A - Immersive Experiences,Electrical Layout,Table and chair setup,Back wall,Check verification workflow status,Simulated note: verification can proceed after handoff evidence.,Pavilion coordinator,Implemented,No,No,2026-04-16T15:41,Technical Production,39 hours,Pending Verification
SOFA 2026 Pavilion B - Artist Alley,Furniture Deployment,Floor plan validation,,Validate logistics dashboard record consistency,Simulated note: pending site confirmation with operations lead.,Implementation tracker,Implemented,No,No,2026-04-20T20:29,Infrastructure,24 hours,Blocked
SOFA 2026 Pavilion C - Esports Arena,Electrical Layout,Table and chair setup,Storage corner,Validate logistics dashboard record consistency,Simulated note: dependency requires module-level review.,Verification reviewer,Implemented,No,No,2026-05-14T00:14,Safety Review,33 hours,At Risk
SOFA 2026 Pavilion D - Maker Lab,Furniture Deployment,Power drop mapping,,Check verification workflow status,Simulated note: field observation added for audit traceability.,Field operations lead,Planned,No,Yes,2026-05-06T23:20,Exhibitor Services,40 hours,Blocked
SOFA 2026 Pavilion E - Retail Corridor,Access Control,Table and chair setup,Secondary aisle,Validate logistics dashboard record consistency,Simulated note: field observation added for audit traceability.,Implementation tracker,Implemented,Yes,No,2026-05-11T23:39,Infrastructure,55 hours,Complete
SOFA 2026 Pavilion F - Food Court,Access Control,Equipment reception,Secondary aisle,Check verification workflow status,Simulated note: pending site confirmation with operations lead.,Pavilion coordinator,Not Started,No,No,2026-04-26T14:33,Safety Review,40 hours,On Track
SOFA 2026 Pavilion G - Auditorium,Furniture Deployment,Directional signage,Back wall,Align role description with owner team,Simulated note: no production source connected in this public dataset.,Implementation tracker,In Progress,No,No,2026-05-08T07:26,Safety Review,45 hours,Blocked
SOFA 2026 Pavilion A - Immersive Experiences,Electrical Layout,Directional signage,,Validate logistics dashboard record consistency,Simulated note: pending site confirmation with operations lead.,Logistics support team,Verified,Yes,No,2026-05-05T18:41,Venue Logistics,18 hours,Complete
SOFA 2026 Pavilion B - Artist Alley,Furniture Deployment,Power drop mapping,Back wall,Resolve urgent requirement before pavilion handoff,Simulated note: pending site confirmation with operations lead.,Operational audit analyst,In Progress,Yes,No,2026-05-20T06:27,Safety Review,28 hours,Complete
SOFA 2026 Pavilion C - Esports Arena,Furniture Deployment,Directional signage,Zone marker,Validate logistics dashboard record consistency,Simulated note: verification can proceed after handoff evidence.,Pavilion coordinator,Verified,Yes,No,2026-04-15T05:33,Safety Review,7 hours,Complete
SOFA 2026 Pavilion D - Maker Lab,Furniture Deployment,Power drop mapping,Storage corner,Check verification workflow status,Simulated note: no production source connected in this public dataset.,Pavilion coordinator,Verified,Yes,Yes,2026-05-09T15:02,Exhibitor Services,52 hours,Complete
SOFA 2026 Pavilion E - Retail Corridor,Electrical Layout,Emergency corridor clearance,,Update technical note for field team,Simulated note: pending site confirmation with operations lead.,Logistics support team,Planned,No,Yes,2026-04-14T16:02,Venue Logistics,32 hours,Pending Verification
SOFA 2026 Pavilion F - Food Court,Signal Routing,Credential checkpoint,,Resolve urgent requirement before pavilion handoff,Simulated note: field observation added for audit traceability.,Field operations lead,Verified,Yes,No,2026-06-02T22:32,Safety Review,19 hours,Complete
SOFA 2026 Pavilion G - Auditorium,Electrical Layout,Credential checkpoint,,Validate logistics dashboard record consistency,Simulated note: field observation added for audit traceability.,Verification reviewer,Verified,Yes,No,2026-04-23T07:47,Infrastructure,53 hours,Complete
SOFA 2026 Pavilion A - Immersive Experiences,Furniture Deployment,Cable protection,,Resolve urgent requirement before pavilion handoff,Simulated note: verification can proceed after handoff evidence.,Operational audit analyst,Not Started,No,No,2026-04-17T09:30,Exhibitor Services,16 hours,On Track
SOFA 2026 Pavilion B - Artist Alley,Safety Inspection,Emergency corridor clearance,Main aisle,Document operational audit evidence,Simulated note: no production source connected in this public dataset.,Pavilion coordinator,Implemented,No,No,2026-06-14T22:59,Safety Review,48 hours,Complete
SOFA 2026 Pavilion C - Esports Arena,Safety Inspection,Operational briefing,Control point,Update technical note for field team,Simulated note: no production source connected in this public dataset.,Operational audit analyst,In Progress,No,Yes,2026-05-26T12:54,Safety Review,17 hours,Pending Verification
SOFA 2026 Pavilion D - Maker Lab,Signal Routing,Credential checkpoint,Storage corner,Validate logistics dashboard record consistency,Simulated note: pending site confirmation with operations lead.,Logistics support team,Implemented,No,No,2026-06-13T04:04,Infrastructure,71 hours,At Risk
SOFA 2026 Pavilion E - Retail Corridor,Furniture Deployment,Operational briefing,Back wall,Update technical note for field team,Simulated note: pending site confirmation with operations lead.,Verification reviewer,In Progress,Yes,No,2026-06-14T09:23,Operations Control,35 hours,Complete
SOFA 2026 Pavilion F - Food Court,Signal Routing,Emergency corridor clearance,Public-facing desk,Resolve urgent requirement before pavilion handoff,Simulated note: pending site confirmation with operations lead.,Verification reviewer,Verified,Yes,Yes,2026-05-20T20:22,Operations Control,62 hours,Complete
SOFA 2026 Pavilion G - Auditorium,Signal Routing,Cable protection,Control point,Review sparse hierarchy assignment,Simulated note: pending site confirmation with operations lead.,Operational audit analyst,In Progress,No,Yes,2026-04-19T23:31,Exhibitor Services,63 hours,At Risk
SOFA 2026 Pavilion A - Immersive Experiences,Safety Inspection,Stand readiness,Zone marker,Confirm implementation tracking milestone,Simulated note: dependency requires module-level review.,Pavilion coordinator,Implemented,No,Yes,2026-06-06T23:25,Technical Production,48 hours,On Track
SOFA 2026 Pavilion B - Artist Alley,Queue Management,Equipment reception,Secondary aisle,Review sparse hierarchy assignment,Simulated note: field observation added for audit traceability.,Operational audit analyst,In Progress,No,No,2026-04-19T12:16,Technical Production,37 hours,At Risk
SOFA 2026 Pavilion C - Esports Arena,Signal Routing,Equipment reception,Zone marker,Update technical note for field team,Simulated note: pending site confirmation with operations lead.,Verification reviewer,Planned,Yes,No,2026-05-07T18:03,Operations Control,68 hours,Complete
SOFA 2026 Pavilion D - Maker Lab,Signal Routing,Credential checkpoint,Control point,Update technical note for field team,Simulated note: field observation added for audit traceability.,Implementation tracker,Verified,Yes,No,2026-04-13T04:04,Exhibitor Services,27 hours,Complete
SOFA 2026 Pavilion E - Retail Corridor,Safety Inspection,Equipment reception,Control point,Document operational audit evidence,Simulated note: dependency requires module-level review.,Implementation tracker,Planned,No,No,2026-05-05T09:09,Technical Production,48 hours,On Track
SOFA 2026 Pavilion F - Food Court,Queue Management,Equipment reception,Storage corner,Confirm implementation tracking milestone,Simulated note: pending site confirmation with operations lead.,Implementation tracker,Verified,Yes,No,2026-04-06T21:19,Infrastructure,27 hours,Complete
SOFA 2026 Pavilion G - Auditorium,Queue Management,Stand readiness,Back wall,Update technical note for field team,Simulated note: field observation added for audit traceability.,Pavilion coordinator,Verified,Yes,No,2026-04-10T05:29,Venue Logistics,26 hours,Complete
SOFA 2026 Pavilion A - Immersive Experiences,Branding Installation,Equipment reception,Zone marker,Confirm implementation tracking milestone,Simulated note: verification can proceed after handoff evidence.,Implementation tracker,In Progress,No,No,2026-05-16T14:12,Technical Production,15 hours,Pending Verification
SOFA 2026 Pavilion B - Artist Alley,Queue Management,Operational briefing,Back wall,Document operational audit evidence,Simulated note: dependency requires module-level review.,Operational audit analyst,Planned,No,No,2026-06-05T04:12,Venue Logistics,3 hours,On Track
SOFA 2026 Pavilion C - Esports Arena,Queue Management,Floor plan validation,Main aisle,Check verification workflow status,Simulated note: field observation added for audit traceability.,Implementation tracker,In Progress,No,Yes,2026-04-07T13:27,Exhibitor Services,37 hours,Blocked
SOFA 2026 Pavilion D - Maker Lab,Safety Inspection,Equipment reception,Secondary aisle,Align role description with owner team,Simulated note: field observation added for audit traceability.,Pavilion coordinator,Planned,No,No,2026-04-16T12:41,Venue Logistics,53 hours,Complete
SOFA 2026 Pavilion E - Retail Corridor,Branding Installation,Stand readiness,Control point,Update technical note for field team,Simulated note: verification can proceed after handoff evidence.,Operational audit analyst,Planned,No,No,2026-05-18T08:37,Exhibitor Services,34 hours,On Track
SOFA 2026 Pavilion F - Food Court,Queue Management,Floor plan validation,Storage corner,Update technical note for field team,Simulated note: no production source connected in this public dataset.,Pavilion coordinator,Verified,Yes,Yes,2026-04-25T09:29,Exhibitor Services,46 hours,Complete
SOFA 2026 Pavilion G - Auditorium,Branding Installation,Floor plan validation,Control point,Document operational audit evidence,Simulated note: no production source connected in this public dataset.,Verification reviewer,Implemented,No,No,2026-04-27T00:50,Venue Logistics,42 hours,At Risk
SOFA 2026 Pavilion A - Immersive Experiences,Branding Installation,Floor plan validation,Control point,Align role description with owner team,Simulated note: field observation added for audit traceability.,Implementation tracker,Verified,Yes,Yes,2026-05-02T02:11,Venue Logistics,17 hours,Complete
SOFA 2026 Pavilion B - Artist Alley,Branding Installation,Floor plan validation,Secondary aisle,Align role description with owner team,Simulated note: dependency requires module-level review.,Logistics support team,In Progress,No,Yes,2026-06-04T23:14,Technical Production,23 hours,Blocked
SOFA 2026 Pavilion C - Esports Arena,Queue Management,Directional signage,,Align role description with owner team,Simulated note: verification can proceed after handoff evidence.,Field operations lead,Verified,Yes,No,2026-05-28T06:17,Operations Control,4 hours,Complete
SOFA 2026 Pavilion D - Maker Lab,Queue Management,Power drop mapping,Zone marker,Validate logistics dashboard record consistency,Simulated note: no production source connected in this public dataset.,Operational audit analyst,In Progress,No,Yes,2026-05-25T19:20,Venue Logistics,6 hours,At Risk
SOFA 2026 Pavilion E - Retail Corridor,Queue Management,Power drop mapping,Public-facing desk,Check verification workflow status,Simulated note: field observation added for audit traceability.,Field operations lead,Planned,Yes,No,2026-05-01T09:24,Safety Review,42 hours,Complete
SOFA 2026 Pavilion F - Food Court,Branding Installation,Directional signage,Public-facing desk,Align role description with owner team,Simulated note: dependency requires module-level review.,Operational audit analyst,Verified,Yes,No,2026-05-05T00:23,Operations Control,50 hours,Complete
SOFA 2026 Pavilion G - Auditorium,Branding Installation,Power drop mapping,Storage corner,Review sparse hierarchy assignment,Simulated note: no production source connected in this public dataset.,Pavilion coordinator,Planned,No,Yes,2026-04-06T21:04,Technical Production,28 hours,Pending Verification
SOFA 2026 Pavilion A - Immersive Experiences,Access Control,Directional signage,Zone marker,Update technical note for field team,Simulated note: pending site confirmation with operations lead.,Pavilion coordinator,Planned,No,No,2026-06-10T05:24,Venue Logistics,11 hours,At Risk
SOFA 2026 Pavilion B - Artist Alley,Access Control,Table and chair setup,,Confirm implementation tracking milestone,Simulated note: verification can proceed after handoff evidence.,Implementation tracker,Implemented,No,Yes,2026-05-07T13:33,Safety Review,43 hours,On Track
SOFA 2026 Pavilion C - Esports Arena,Access Control,Table and chair setup,Zone marker,Resolve urgent requirement before pavilion handoff,Simulated note: dependency requires module-level review.,Operational audit analyst,Planned,No,No,2026-04-08T11:23,Operations Control,64 hours,Pending Verification
SOFA 2026 Pavilion D - Maker Lab,Branding Installation,Directional signage,Main aisle,Document operational audit evidence,Simulated note: field observation added for audit traceability.,Pavilion coordinator,In Progress,No,Yes,2026-05-12T04:35,Exhibitor Services,48 hours,Pending Verification
SOFA 2026 Pavilion E - Retail Corridor,Inventory Handoff,Credential checkpoint,Secondary aisle,Update technical note for field team,Simulated note: verification can proceed after handoff evidence.,Field operations lead,In Progress,No,No,2026-04-08T21:04,Infrastructure,15 hours,Pending Verification
SOFA 2026 Pavilion F - Food Court,Access Control,Operational briefing,,Check verification workflow status,Simulated note: pending site confirmation with operations lead.,Logistics support team,In Progress,No,No,2026-06-16T04:31,Technical Production,18 hours,At Risk
SOFA 2026 Pavilion G - Auditorium,Inventory Handoff,Cable protection,Public-facing desk,Confirm implementation tracking milestone,Simulated note: verification can proceed after handoff evidence.,Field operations lead,Not Started,No,No,2026-05-10T00:07,Technical Production,60 hours,On Track
SOFA 2026 Pavilion A - Immersive Experiences,Inventory Handoff,Stand readiness,Control point,Check verification workflow status,Simulated note: dependency requires module-level review.,Operational audit analyst,Verified,Yes,No,2026-05-02T04:21,Infrastructure,21 hours,Complete
SOFA 2026 Pavilion B - Artist Alley,Inventory Handoff,Emergency corridor clearance,Back wall,Check verification workflow status,Simulated note: dependency requires module-level review.,Logistics support team,In Progress,Yes,No,2026-06-12T04:12,Safety Review,59 hours,Complete
SOFA 2026 Pavilion C - Esports Arena,Electrical Layout,Equipment reception,,Confirm implementation tracking milestone,Simulated note: field observation added for audit traceability.,Operational audit analyst,Planned,Yes,No,2026-04-25T04:34,Venue Logistics,37 hours,Complete
SOFA 2026 Pavilion D - Maker Lab,Access Control,Stand readiness,Public-facing desk,Confirm implementation tracking milestone,Simulated note: no production source connected in this public dataset.,Verification reviewer,Implemented,No,Yes,2026-05-07T13:04,Venue Logistics,70 hours,At Risk
SOFA 2026 Pavilion E - Retail Corridor,Access Control,Operational briefing,Zone marker,Document operational audit evidence,Simulated note: field observation added for audit traceability.,Implementation tracker,Verified,Yes,No,2026-05-26T03:06,Technical Production,9 hours,Complete
SOFA 2026 Pavilion F - Food Court,Access Control,Equipment reception,,Resolve urgent requirement before pavilion handoff,Simulated note: verification can proceed after handoff evidence.,Field operations lead,Implemented,No,No,2026-05-25T15:26,Technical Production,38 hours,Blocked
SOFA 2026 Pavilion G - Auditorium,Access Control,Stand readiness,Storage corner,Check verification workflow status,Simulated note: verification can proceed after handoff evidence.,Pavilion coordinator,Implemented,No,No,2026-05-02T18:59,Exhibitor Services,28 hours,On Track
SOFA 2026 Pavilion A - Immersive Experiences,Access Control,Floor plan validation,Public-facing desk,Align role description with owner team,Simulated note: pending site confirmation with operations lead.,Implementation tracker,Implemented,No,No,2026-05-11T01:46,Technical Production,14 hours,At Risk
SOFA 2026 Pavilion B - Artist Alley,Access Control,Operational briefing,Public-facing desk,Resolve urgent requirement before pavilion handoff,Simulated note: pending site confirmation with operations lead.,Pavilion coordinator,In Progress,No,No,2026-06-13T04:09,Technical Production,27 hours,On Track
SOFA 2026 Pavilion C - Esports Arena,Electrical Layout,Floor plan validation,Control point,Document operational audit evidence,Simulated note: dependency requires module-level review.,Field operations lead,In Progress,Yes,No,2026-05-18T04:04,Safety Review,30 hours,Complete
SOFA 2026 Pavilion D - Maker Lab,Access Control,Operational briefing,Back wall,Review sparse hierarchy assignment,Simulated note: no production source connected in this public dataset.,Pavilion coordinator,Verified,Yes,No,2026-05-12T07:02,Exhibitor Services,57 hours,Complete
SOFA 2026 Pavilion E - Retail Corridor,Access Control,Power drop mapping,Control point,Review sparse hierarchy assignment,Simulated note: dependency requires module-level review.,Logistics support team,In Progress,No,No,2026-04-15T05:23,Safety Review,23 hours,Complete
SOFA 2026 Pavilion F - Food Court,Access Control,Power drop mapping,Storage corner,Document operational audit evidence,Simulated note: pending site confirmation with operations lead.,Verification reviewer,In Progress,No,No,2026-05-28T17:54,Venue Logistics,70 hours,Complete
SOFA 2026 Pavilion G - Auditorium,Electrical Layout,Equipment reception,Control point,Align role description with owner team,Simulated note: no production source connected in this public dataset.,Implementation tracker,Verified,Yes,Yes,2026-05-16T03:48,Venue Logistics,39 hours,Complete
SOFA 2026 Pavilion A - Immersive Experiences,Electrical Layout,Equipment reception,Main aisle,Update technical note for field team,Simulated note: no production source connected in this public dataset.,Operational audit analyst,Planned,No,No,2026-04-08T09:44,Venue Logistics,44 hours,At Risk
SOFA 2026 Pavilion B - Artist Alley,Electrical Layout,Table and chair setup,Storage corner,Resolve urgent requirement before pavilion handoff,Simulated note: no production source connected in this public dataset.,Verification reviewer,Implemented,Yes,No,2026-06-13T23:13,Exhibitor Services,9 hours,Complete
SOFA 2026 Pavilion C - Esports Arena,Electrical Layout,Table and chair setup,Secondary aisle,Document operational audit evidence,Simulated note: dependency requires module-level review.,Verification reviewer,In Progress,Yes,No,2026-06-08T02:56,Exhibitor Services,24 hours,Complete
SOFA 2026 Pavilion D - Maker Lab,Signal Routing,Floor plan validation,Secondary aisle,Check verification workflow status,Simulated note: verification can proceed after handoff evidence.,Verification reviewer,Verified,Yes,No,2026-05-30T00:17,Exhibitor Services,22 hours,Complete
SOFA 2026 Pavilion E - Retail Corridor,Furniture Deployment,Directional signage,Back wall,Document operational audit evidence,Simulated note: pending site confirmation with operations lead.,Field operations lead,Implemented,Yes,Yes,2026-04-06T00:43,Technical Production,61 hours,Complete
SOFA 2026 Pavilion F - Food Court,Signal Routing,Power drop mapping,Zone marker,Resolve urgent requirement before pavilion handoff,Simulated note: verification can proceed after handoff evidence.,Implementation tracker,In Progress,No,No,2026-05-14T19:51,Technical Production,36 hours,On Track
SOFA 2026 Pavilion G - Auditorium,Signal Routing,Directional signage,Main aisle,Confirm implementation tracking milestone,Simulated note: verification can proceed after handoff evidence.,Field operations lead,Verified,Yes,No,2026-06-10T22:08,Venue Logistics,68 hours,Complete
SOFA 2026 Pavilion A - Immersive Experiences,Signal Routing,Directional signage,Storage corner,Align role description with owner team,Simulated note: pending site confirmation with operations lead.,Operational audit analyst,In Progress,No,No,2026-05-31T21:26,Technical Production,18 hours,On Track
SOFA 2026 Pavilion B - Artist Alley,Signal Routing,Power drop mapping,Main aisle,Document operational audit evidence,Simulated note: verification can proceed after handoff evidence.,Field operations lead,Not Started,No,No,2026-04-05T11:50,Exhibitor Services,39 hours,Complete
SOFA 2026 Pavilion C - Esports Arena,Signal Routing,Emergency corridor clearance,,Review sparse hierarchy assignment,Simulated note: pending site confirmation with operations lead.,Implementation tracker,Implemented,No,No,2026-06-12T04:35,Safety Review,56 hours,Pending Verification
SOFA 2026 Pavilion D - Maker Lab,Safety Inspection,Table and chair setup,Storage corner,Check verification workflow status,Simulated note: dependency requires module-level review.,Pavilion coordinator,Planned,No,No,2026-04-27T02:42,Infrastructure,24 hours,Pending Verification
SOFA 2026 Pavilion E - Retail Corridor,Safety Inspection,Directional signage,Back wall,Review sparse hierarchy assignment,Simulated note: verification can proceed after handoff evidence.,Logistics support team,In Progress,No,No,2026-04-26T03:39,Safety Review,35 hours,Pending Verification
SOFA 2026 Pavilion F - Food Court,Furniture Deployment,Operational briefing,Secondary aisle,Confirm implementation tracking milestone,Simulated note: field observation added for audit traceability.,Implementation tracker,Verified,Yes,No,2026-04-03T21:18,Safety Review,47 hours,Complete
SOFA 2026 Pavilion G - Auditorium,Safety Inspection,Cable protection,Storage corner,Review sparse hierarchy assignment,Simulated note: no production source connected in this public dataset.,Operational audit analyst,Verified,Yes,No,2026-04-08T16:59,Operations Control,7 hours,Complete
SOFA 2026 Pavilion A - Immersive Experiences,,Cable protection,Back wall,Document operational audit evidence,Simulated note: dependency requires module-level review.,Pavilion coordinator,In Progress,No,No,2026-06-01T05:01,Exhibitor Services,57 hours,On Track
SOFA 2026 Pavilion B - Artist Alley,Signal Routing,Emergency corridor clearance,,Document operational audit evidence,Simulated note: verification can proceed after handoff evidence.,Logistics support team,In Progress,Yes,No,2026-04-02T08:32,Operations Control,37 hours,Complete
SOFA 2026 Pavilion C - Esports Arena,Safety Inspection,Emergency corridor clearance,Main aisle,Resolve urgent requirement before pavilion handoff,Simulated note: no production source connected in this public dataset.,Logistics support team,Planned,Yes,No,2026-04-06T16:03,Infrastructure,70 hours,Complete
SOFA 2026 Pavilion D - Maker Lab,Safety Inspection,Credential checkpoint,Zone marker,Review sparse hierarchy assignment,Simulated note: no production source connected in this public dataset.,Logistics support team,Not Started,No,No,2026-06-02T00:24,Venue Logistics,72 hours,Complete
SOFA 2026 Pavilion E - Retail Corridor,Signal Routing,Credential checkpoint,,Check verification workflow status,Simulated note: dependency requires module-level review.,Verification reviewer,Verified,Yes,No,2026-05-21T10:05,Venue Logistics,3 hours,Complete
SOFA 2026 Pavilion F - Food Court,Queue Management,Stand readiness,Main aisle,Resolve urgent requirement before pavilion handoff,Simulated note: verification can proceed after handoff evidence.,Field operations lead,Not Started,No,Yes,2026-06-15T09:16,Venue Logistics,10 hours,On Track
SOFA 2026 Pavilion G - Auditorium,Queue Management,Credential checkpoint,Main aisle,Check verification workflow status,Simulated note: no production source connected in this public dataset.,Logistics support team,Implemented,No,No,2026-04-16T11:21,Venue Logistics,2 hours,On Track
SOFA 2026 Pavilion A - Immersive Experiences,Queue Management,Equipment reception,,Review sparse hierarchy assignment,Simulated note: verification can proceed after handoff evidence.,Operational audit analyst,Implemented,No,No,2026-05-15T05:10,Exhibitor Services,26 hours,Pending Verification
SOFA 2026 Pavilion B - Artist Alley,Branding Installation,Credential checkpoint,Control point,Check verification workflow status,Simulated note: field observation added for audit traceability.,Field operations lead,Implemented,No,Yes,2026-06-14T18:45,Safety Review,30 hours,Pending Verification
SOFA 2026 Pavilion C - Esports Arena,Queue Management,Operational briefing,Control point,Validate logistics dashboard record consistency,Simulated note: dependency requires module-level review.,Operational audit analyst,Verified,Yes,No,2026-06-04T00:11,Infrastructure,9 hours,Complete
SOFA 2026 Pavilion D - Maker Lab,Branding Installation,Operational briefing,Main aisle,Check verification workflow status,Simulated note: verification can proceed after handoff evidence.,Logistics support team,In Progress,No,Yes,2026-06-05T03:03,Technical Production,14 hours,At Risk
SOFA 2026 Pavilion E - Retail Corridor,Safety Inspection,Power drop mapping,Zone marker,Resolve urgent requirement before pavilion handoff,Simulated note: pending site confirmation with operations lead.,Operational audit analyst,Not Started,No,Yes,2026-05-03T23:02,Exhibitor Services,37 hours,Pending Verification
SOFA 2026 Pavilion F - Food Court,Safety Inspection,Stand readiness,Public-facing desk,Resolve urgent requirement before pavilion handoff,Simulated note: no production source connected in this public dataset.,Logistics support team,Verified,Yes,No,2026-05-05T03:02,Exhibitor Services,54 hours,Complete
SOFA 2026 Pavilion G - Auditorium,Safety Inspection,Power drop mapping,Back wall,Review sparse hierarchy assignment,Simulated note: pending site confirmation with operations lead.,Implementation tracker,Implemented,No,Yes,2026-05-14T00:49,Safety Review,10 hours,Blocked
SOFA 2026 Pavilion A - Immersive Experiences,Inventory Handoff,Floor plan validation,Storage corner,Document operational audit evidence,Simulated note: no production source connected in this public dataset.,Logistics support team,Planned,No,Yes,2026-05-13T18:04,Infrastructure,59 hours,Pending Verification
SOFA 2026 Pavilion B - Artist Alley,Queue Management,Stand readiness,Zone marker,Document operational audit evidence,Simulated note: verification can proceed after handoff evidence.,Verification reviewer,In Progress,No,Yes,2026-04-08T06:46,Operations Control,35 hours,At Risk
SOFA 2026 Pavilion C - Esports Arena,Queue Management,Directional signage,,Resolve urgent requirement before pavilion handoff,Simulated note: verification can proceed after handoff evidence.,Verification reviewer,In Progress,No,No,2026-05-01T05:28,Infrastructure,7 hours,At Risk
SOFA 2026 Pavilion D - Maker Lab,Branding Installation,Table and chair setup,,Align role description with owner team,Simulated note: no production source connected in this public dataset.,Operational audit analyst,In Progress,No,No,2026-05-21T14:22,Infrastructure,36 hours,Blocked
SOFA 2026 Pavilion E - Retail Corridor,Queue Management,Floor plan validation,Secondary aisle,Resolve urgent requirement before pavilion handoff,Simulated note: field observation added for audit traceability.,Operational audit analyst,Planned,No,Yes,2026-06-10T18:36,Infrastructure,46 hours,Blocked
SOFA 2026 Pavilion F - Food Court,Branding Installation,Floor plan validation,Main aisle,Check verification workflow status,Simulated note: pending site confirmation with operations lead.,Implementation tracker,In Progress,No,No,2026-05-15T07:04,Operations Control,12 hours,Blocked
SOFA 2026 Pavilion G - Auditorium,Queue Management,Directional signage,Zone marker,Resolve urgent requirement before pavilion handoff,Simulated note: no production source connected in this public dataset.,Operational audit analyst,Implemented,Yes,No,2026-06-09T13:22,Exhibitor Services,7 hours,Complete
SOFA 2026 Pavilion A - Immersive Experiences,Access Control,Cable protection,Zone marker,Document operational audit evidence,Simulated note: pending site confirmation with operations lead.,Logistics support team,Not Started,No,No,2026-05-02T19:53,Safety Review,7 hours,On Track
SOFA 2026 Pavilion B - Artist Alley,Inventory Handoff,Table and chair setup,Public-facing desk,Confirm implementation tracking milestone,Simulated note: dependency requires module-level review.,Logistics support team,In Progress,No,Yes,2026-06-01T16:09,Operations Control,32 hours,Pending Verification
SOFA 2026 Pavilion C - Esports Arena,Inventory Handoff,Emergency corridor clearance,Main aisle,Confirm implementation tracking milestone,Simulated note: pending site confirmation with operations lead.,Operational audit analyst,Not Started,No,No,2026-04-23T05:15,Safety Review,8 hours,On Track
SOFA 2026 Pavilion D - Maker Lab,Inventory Handoff,Cable protection,Storage corner,Resolve urgent requirement before pavilion handoff,Simulated note: no production source connected in this public dataset.,Implementation tracker,Implemented,No,No,2026-04-24T07:23,Venue Logistics,34 hours,On Track
SOFA 2026 Pavilion E - Retail Corridor,Branding Installation,Directional signage,,Validate logistics dashboard record consistency,Simulated note: verification can proceed after handoff evidence.,Implementation tracker,Implemented,No,No,2026-05-02T21:41,Safety Review,46 hours,Blocked
SOFA 2026 Pavilion F - Food Court,Inventory Handoff,Emergency corridor clearance,Back wall,Document operational audit evidence,Simulated note: pending site confirmation with operations lead.,Verification reviewer,Verified,Yes,No,2026-06-04T20:37,Infrastructure,70 hours,Complete
SOFA 2026 Pavilion G - Auditorium,Branding Installation,Directional signage,,Check verification workflow status,Simulated note: verification can proceed after handoff evidence.,Pavilion coordinator,Implemented,No,No,2026-04-21T17:27,Operations Control,48 hours,At Risk
SOFA 2026 Pavilion A - Immersive Experiences,Electrical Layout,Cable protection,,Update technical note for field team,Simulated note: no production source connected in this public dataset.,Field operations lead,Verified,Yes,Yes,2026-04-04T21:26,Infrastructure,52 hours,Complete
SOFA 2026 Pavilion B - Artist Alley,Electrical Layout,Credential checkpoint,Zone marker,Confirm implementation tracking milestone,Simulated note: dependency requires module-level review.,Field operations lead,In Progress,Yes,No,2026-05-15T19:21,Exhibitor Services,11 hours,Complete
SOFA 2026 Pavilion C - Esports Arena,Electrical Layout,Emergency corridor clearance,Control point,Document operational audit evidence,Simulated note: no production source connected in this public dataset.,Operational audit analyst,Implemented,Yes,No,2026-05-18T23:01,Operations Control,36 hours,Complete
SOFA 2026 Pavilion D - Maker Lab,Inventory Handoff,Stand readiness,,Align role description with owner team,Simulated note: verification can proceed after handoff evidence.,Implementation tracker,In Progress,No,No,2026-05-15T07:06,Technical Production,11 hours,On Track
SOFA 2026 Pavilion E - Retail Corridor,Access Control,Credential checkpoint,Storage corner,Align role description with owner team,Simulated note: verification can proceed after handoff evidence.,Implementation tracker,Implemented,No,No,2026-04-07T07:47,Safety Review,8 hours,On Track
SOFA 2026 Pavilion F - Food Court,Access Control,Credential checkpoint,,Confirm implementation tracking milestone,Simulated note: dependency requires module-level review.,Logistics support team,Planned,Yes,No,2026-04-04T13:17,Safety Review,6 hours,Complete
SOFA 2026 Pavilion G - Auditorium,Inventory Handoff,Operational briefing,Secondary aisle,Align role description with owner team,Simulated note: dependency requires module-level review.,Verification reviewer,Not Started,No,Yes,2026-04-03T19:04,Infrastructure,29 hours,On Track
SOFA 2026 Pavilion A - Immersive Experiences,Furniture Deployment,Emergency corridor clearance,,Document operational audit evidence,Simulated note: pending site confirmation with operations lead.,Logistics support team,In Progress,No,No,2026-05-06T02:48,Exhibitor Services,72 hours,On Track
SOFA 2026 Pavilion B - Artist Alley,Furniture Deployment,Credential checkpoint,,Document operational audit evidence,Simulated note: pending site confirmation with operations lead.,Implementation tracker,Implemented,No,No,2026-04-21T14:27,Operations Control,17 hours,Complete
SOFA 2026 Pavilion C - Esports Arena,Furniture Deployment,Stand readiness,Zone marker,Confirm implementation tracking milestone,Simulated note: dependency requires module-level review.,Verification reviewer,Verified,Yes,No,2026-04-25T12:37,Infrastructure,31 hours,Complete
SOFA 2026 Pavilion D - Maker Lab,Furniture Deployment,Stand readiness,Control point,Confirm implementation tracking milestone,Simulated note: verification can proceed after handoff evidence.,Operational audit analyst,In Progress,No,No,2026-05-30T23:20,Venue Logistics,6 hours,Blocked
SOFA 2026 Pavilion E - Retail Corridor,Access Control,Equipment reception,Secondary aisle,Update technical note for field team,Simulated note: field observation added for audit traceability.,Verification reviewer,In Progress,No,No,2026-05-03T04:57,Safety Review,12 hours,Blocked
SOFA 2026 Pavilion F - Food Court,Electrical Layout,Operational briefing,,Align role description with owner team,Simulated note: pending site confirmation with operations lead.,Verification reviewer,Planned,No,No,2026-05-29T21:39,Exhibitor Services,22 hours,Complete
SOFA 2026 Pavilion G - Auditorium,Access Control,Stand readiness,,Resolve urgent requirement before pavilion handoff,Simulated note: pending site confirmation with operations lead.,Implementation tracker,Planned,No,No,2026-04-16T23:22,Venue Logistics,58 hours,On Track
SOFA 2026 Pavilion A - Immersive Experiences,Furniture Deployment,Power drop mapping,Main aisle,Align role description with owner team,Simulated note: verification can proceed after handoff evidence.,Verification reviewer,Verified,Yes,Yes,2026-05-05T17:44,Infrastructure,52 hours,Complete
SOFA 2026 Pavilion B - Artist Alley,Electrical Layout,Table and chair setup,Storage corner,Resolve urgent requirement before pavilion handoff,Simulated note: pending site confirmation with operations lead.,Verification reviewer,Implemented,Yes,No,2026-05-01T01:44,Safety Review,48 hours,Complete
SOFA 2026 Pavilion C - Esports Arena,Electrical Layout,Equipment reception,Storage corner,Resolve urgent requirement before pavilion handoff,Simulated note: no production source connected in this public dataset.,Field operations lead,Not Started,No,No,2026-05-21T08:02,Operations Control,67 hours,At Risk
SOFA 2026 Pavilion D - Maker Lab,Electrical Layout,Stand readiness,Zone marker,Document operational audit evidence,Simulated note: pending site confirmation with operations lead.,Pavilion coordinator,Implemented,No,No,2026-06-04T03:33,Exhibitor Services,15 hours,On Track
SOFA 2026 Pavilion E - Retail Corridor,Electrical Layout,Equipment reception,Main aisle,Review sparse hierarchy assignment,Simulated note: pending site confirmation with operations lead.,Pavilion coordinator,Verified,Yes,No,2026-05-06T20:33,Exhibitor Services,67 hours,Complete
SOFA 2026 Pavilion F - Food Court,Furniture Deployment,Floor plan validation,,Document operational audit evidence,Simulated note: dependency requires module-level review.,Implementation tracker,Planned,Yes,Yes,2026-05-14T11:21,Exhibitor Services,48 hours,Complete
SOFA 2026 Pavilion G - Auditorium,Furniture Deployment,Floor plan validation,Public-facing desk,Validate logistics dashboard record consistency,Simulated note: verification can proceed after handoff evidence.,Implementation tracker,In Progress,No,No,2026-06-10T00:42,Operations Control,28 hours,Pending Verification
SOFA 2026 Pavilion A - Immersive Experiences,Signal Routing,Cable protection,Storage corner,Update technical note for field team,Simulated note: verification can proceed after handoff evidence.,Implementation tracker,In Progress,No,No,2026-05-28T22:23,Safety Review,56 hours,At Risk
SOFA 2026 Pavilion B - Artist Alley,Safety Inspection,Directional signage,Public-facing desk,Confirm implementation tracking milestone,Simulated note: no production source connected in this public dataset.,Implementation tracker,Planned,Yes,Yes,2026-04-23T12:03,Venue Logistics,52 hours,Complete
SOFA 2026 Pavilion C - Esports Arena,Signal Routing,Table and chair setup,Main aisle,Review sparse hierarchy assignment,Simulated note: no production source connected in this public dataset.,Implementation tracker,Implemented,No,Yes,2026-06-08T19:25,Technical Production,2 hours,At Risk
SOFA 2026 Pavilion D - Maker Lab,Furniture Deployment,Table and chair setup,,Resolve urgent requirement before pavilion handoff,Simulated note: pending site confirmation with operations lead.,Logistics support team,In Progress,No,Yes,2026-06-07T17:36,Safety Review,19 hours,On Track
SOFA 2026 Pavilion E - Retail Corridor,Signal Routing,Power drop mapping,Secondary aisle,Validate logistics dashboard record consistency,Simulated note: verification can proceed after handoff evidence.,Field operations lead,Verified,Yes,No,2026-06-03T18:33,Exhibitor Services,16 hours,Complete
SOFA 2026 Pavilion F - Food Court,Signal Routing,Power drop mapping,Main aisle,Align role description with owner team,Simulated note: pending site confirmation with operations lead.,Verification reviewer,Implemented,No,No,2026-04-29T09:40,Operations Control,61 hours,Blocked
SOFA 2026 Pavilion G - Auditorium,Furniture Deployment,Emergency corridor clearance,Secondary aisle,Document operational audit evidence,Simulated note: verification can proceed after handoff evidence.,Logistics support team,In Progress,Yes,No,2026-04-01T14:07,Operations Control,16 hours,Complete
SOFA 2026 Pavilion A - Immersive Experiences,Safety Inspection,Directional signage,Back wall,Align role description with owner team,Simulated note: field observation added for audit traceability.,Field operations lead,In Progress,No,No,2026-04-20T09:26,Technical Production,2 hours,Complete
SOFA 2026 Pavilion B - Artist Alley,Safety Inspection,Credential checkpoint,Storage corner,Document operational audit evidence,Simulated note: no production source connected in this public dataset.,Implementation tracker,Implemented,No,No,2026-06-04T14:27,Exhibitor Services,67 hours,Blocked
SOFA 2026 Pavilion C - Esports Arena,Signal Routing,Operational briefing,Storage corner,Align role description with owner team,Simulated note: no production source connected in this public dataset.,Implementation tracker,Implemented,No,Yes,2026-04-19T09:10,Exhibitor Services,25 hours,Pending Verification
SOFA 2026 Pavilion D - Maker Lab,Signal Routing,Operational briefing,Public-facing desk,Check verification workflow status,Simulated note: pending site confirmation with operations lead.,Field operations lead,Verified,Yes,No,2026-04-04T08:12,Technical Production,42 hours,Complete
SOFA 2026 Pavilion E - Retail Corridor,Queue Management,Emergency corridor clearance,Main aisle,Confirm implementation tracking milestone,Simulated note: verification can proceed after handoff evidence.,Logistics support team,Planned,Yes,No,2026-05-27T11:59,Operations Control,61 hours,Complete
SOFA 2026 Pavilion F - Food Court,Signal Routing,Emergency corridor clearance,Back wall,Validate logistics dashboard record consistency,Simulated note: field observation added for audit traceability.,Field operations lead,Verified,Yes,Yes,2026-05-25T00:54,Technical Production,17 hours,Complete
SOFA 2026 Pavilion G - Auditorium,Queue Management,Operational briefing,Back wall,Review sparse hierarchy assignment,Simulated note: dependency requires module-level review.,Verification reviewer,In Progress,No,No,2026-05-06T20:17,Infrastructure,45 hours,Complete
SOFA 2026 Pavilion A - Immersive Experiences,Branding Installation,Operational briefing,Main aisle,Confirm implementation tracking milestone,Simulated note: pending site confirmation with operations lead.,Operational audit analyst,Implemented,Yes,Yes,2026-05-30T11:32,Technical Production,70 hours,Complete
SOFA 2026 Pavilion B - Artist Alley,Branding Installation,Stand readiness,Back wall,Confirm implementation tracking milestone,Simulated note: no production source connected in this public dataset.,Pavilion coordinator,In Progress,No,No,2026-05-05T03:06,Operations Control,3 hours,Complete
SOFA 2026 Pavilion C - Esports Arena,Branding Installation,Credential checkpoint,,Validate logistics dashboard record consistency,Simulated note: verification can proceed after handoff evidence.,Implementation tracker,Implemented,No,No,2026-05-03T21:17,Infrastructure,35 hours,Pending Verification
SOFA 2026 Pavilion D - Maker Lab,Safety Inspection,Emergency corridor clearance,Zone marker,Document operational audit evidence,Simulated note: no production source connected in this public dataset.,Pavilion coordinator,Implemented,No,Yes,2026-06-03T13:01,Safety Review,24 hours,On Track
SOFA 2026 Pavilion E - Retail Corridor,Queue Management,Floor plan validation,,Align role description with owner team,Simulated note: no production source connected in this public dataset.,Implementation tracker,In Progress,No,No,2026-04-15T01:51,Exhibitor Services,57 hours,At Risk
SOFA 2026 Pavilion F - Food Court,Branding Installation,Operational briefing,Public-facing desk,Document operational audit evidence,Simulated note: verification can proceed after handoff evidence.,Pavilion coordinator,Implemented,Yes,No,2026-06-10T20:27,Infrastructure,30 hours,Complete
SOFA 2026 Pavilion G - Auditorium,Queue Management,Operational briefing,Secondary aisle,Review sparse hierarchy assignment,Simulated note: no production source connected in this public dataset.,Verification reviewer,Planned,No,No,2026-05-24T15:31,Exhibitor Services,43 hours,At Risk
SOFA 2026 Pavilion A - Immersive Experiences,Inventory Handoff,Power drop mapping,Public-facing desk,Check verification workflow status,Simulated note: dependency requires module-level review.,Implementation tracker,Not Started,No,No,2026-05-18T21:48,Venue Logistics,67 hours,Complete
SOFA 2026 Pavilion B - Artist Alley,Branding Installation,Operational briefing,,Check verification workflow status,Simulated note: verification can proceed after handoff evidence.,Verification reviewer,In Progress,No,No,2026-04-15T20:54,Exhibitor Services,59 hours,Complete
SOFA 2026 Pavilion C - Esports Arena,Inventory Handoff,Operational briefing,Public-facing desk,Validate logistics dashboard record consistency,Simulated note: pending site confirmation with operations lead.,Implementation tracker,Planned,No,No,2026-06-04T04:29,Technical Production,58 hours,Pending Verification
SOFA 2026 Pavilion D - Maker Lab,Queue Management,Equipment reception,Back wall,Document operational audit evidence,Simulated note: verification can proceed after handoff evidence.,Pavilion coordinator,Planned,No,No,2026-04-22T16:09,Operations Control,20 hours,On Track
SOFA 2026 Pavilion E - Retail Corridor,Queue Management,Floor plan validation,Control point,Resolve urgent requirement before pavilion handoff,Simulated note: pending site confirmation with operations lead.,Verification reviewer,Planned,No,No,2026-05-01T09:19,Venue Logistics,69 hours,Complete
SOFA 2026 Pavilion F - Food Court,Branding Installation,Stand readiness,Public-facing desk,Resolve urgent requirement before pavilion handoff,Simulated note: verification can proceed after handoff evidence.,Operational audit analyst,Not Started,No,No,2026-04-11T06:08,Venue Logistics,41 hours,Pending Verification
SOFA 2026 Pavilion G - Auditorium,Branding Installation,Directional signage,Public-facing desk,Review sparse hierarchy assignment,Simulated note: pending site confirmation with operations lead.,Verification reviewer,Verified,Yes,No,2026-04-23T02:06,Operations Control,62 hours,Complete
SOFA 2026 Pavilion A - Immersive Experiences,Inventory Handoff,Table and chair setup,Back wall,Confirm implementation tracking milestone,Simulated note: pending site confirmation with operations lead.,Operational audit analyst,Planned,No,Yes,2026-06-12T06:37,Technical Production,45 hours,Pending Verification
SOFA 2026 Pavilion B - Artist Alley,Inventory Handoff,Power drop mapping,Control point,Document operational audit evidence,Simulated note: pending site confirmation with operations lead.,Verification reviewer,Implemented,No,Yes,2026-06-09T06:20,Operations Control,52 hours,Pending Verification
SOFA 2026 Pavilion C - Esports Arena,Access Control,Floor plan validation,Storage corner,Check verification workflow status,Simulated note: dependency requires module-level review.,Field operations lead,Implemented,No,Yes,2026-05-31T20:21,Exhibitor Services,57 hours,Pending Verification
SOFA 2026 Pavilion D - Maker Lab,Access Control,Power drop mapping,Zone marker,Update technical note for field team,Simulated note: dependency requires module-level review.,Field operations lead,Implemented,No,No,2026-04-28T08:03,Operations Control,60 hours,At Risk
SOFA 2026 Pavilion E - Retail Corridor,Branding Installation,Cable protection,Storage corner,Align role description with owner team,Simulated note: field observation added for audit traceability.,Logistics support team,In Progress,No,Yes,2026-06-01T07:47,Venue Logistics,56 hours,Blocked
SOFA 2026 Pavilion F - Food Court,Inventory Handoff,Cable protection,Zone marker,Resolve urgent requirement before pavilion handoff,Simulated note: pending site confirmation with operations lead.,Operational audit analyst,Implemented,Yes,No,2026-04-29T18:55,Infrastructure,11 hours,Complete
SOFA 2026 Pavilion G - Auditorium,Inventory Handoff,Power drop mapping,Public-facing desk,Update technical note for field team,Simulated note: field observation added for audit traceability.,Field operations lead,Verified,Yes,No,2026-05-25T05:59,Safety Review,46 hours,Complete
SOFA 2026 Pavilion A - Immersive Experiences,Inventory Handoff,Table and chair setup,Control point,Confirm implementation tracking milestone,Simulated note: no production source connected in this public dataset.,Implementation tracker,In Progress,No,Yes,2026-05-10T07:02,Venue Logistics,11 hours,On Track
SOFA 2026 Pavilion B - Artist Alley,Electrical Layout,Directional signage,Control point,Review sparse hierarchy assignment,Simulated note: no production source connected in this public dataset.,Field operations lead,Implemented,No,Yes,2026-04-03T17:13,Technical Production,17 hours,At Risk
SOFA 2026 Pavilion C - Esports Arena,Electrical Layout,Directional signage,Main aisle,Align role description with owner team,Simulated note: verification can proceed after handoff evidence.,Pavilion coordinator,Implemented,Yes,No,2026-05-13T17:51,Operations Control,66 hours,Complete
SOFA 2026 Pavilion D - Maker Lab,Electrical Layout,Table and chair setup,Back wall,Confirm implementation tracking milestone,Simulated note: pending site confirmation with operations lead.,Implementation tracker,In Progress,No,Yes,2026-06-15T23:14,Infrastructure,20 hours,At Risk
SOFA 2026 Pavilion E - Retail Corridor,Inventory Handoff,Credential checkpoint,Public-facing desk,Document operational audit evidence,Simulated note: pending site confirmation with operations lead.,Pavilion coordinator,Planned,No,No,2026-04-25T08:28,Safety Review,6 hours,At Risk
SOFA 2026 Pavilion F - Food Court,Electrical Layout,Operational briefing,Back wall,Resolve urgent requirement before pavilion handoff,Simulated note: pending site confirmation with operations lead.,Field operations lead,Implemented,No,Yes,2026-04-01T22:46,Venue Logistics,21 hours,At Risk
SOFA 2026 Pavilion G - Auditorium,Electrical Layout,Credential checkpoint,,Update technical note for field team,Simulated note: no production source connected in this public dataset.,Operational audit analyst,Implemented,No,Yes,2026-04-28T07:30,Venue Logistics,17 hours,At Risk
SOFA 2026 Pavilion A - Immersive Experiences,Electrical Layout,Emergency corridor clearance,,Align role description with owner team,Simulated note: field observation added for audit traceability.,Field operations lead,In Progress,Yes,No,2026-04-02T22:11,Venue Logistics,16 hours,Complete
SOFA 2026 Pavilion B - Artist Alley,Electrical Layout,Stand readiness,Back wall,Document operational audit evidence,Simulated note: pending site confirmation with operations lead.,Pavilion coordinator,Planned,No,No,2026-05-10T11:09,Operations Control,33 hours,Pending Verification
SOFA 2026 Pavilion C - Esports Arena,Electrical Layout,Cable protection,Secondary aisle,Review sparse hierarchy assignment,Simulated note: no production source connected in this public dataset.,Verification reviewer,In Progress,No,No,2026-05-31T09:01,Operations Control,12 hours,At Risk
SOFA 2026 Pavilion D - Maker Lab,Furniture Deployment,Operational briefing,Zone marker,Document operational audit evidence,Simulated note: verification can proceed after handoff evidence.,Implementation tracker,In Progress,No,No,2026-04-15T03:15,Exhibitor Services,9 hours,On Track
SOFA 2026 Pavilion E - Retail Corridor,Access Control,Credential checkpoint,Back wall,Confirm implementation tracking milestone,Simulated note: field observation added for audit traceability.,Field operations lead,Planned,Yes,No,2026-06-03T15:09,Safety Review,70 hours,Complete
SOFA 2026 Pavilion F - Food Court,Electrical Layout,Operational briefing,Back wall,Align role description with owner team,Simulated note: no production source connected in this public dataset.,Verification reviewer,Verified,Yes,No,2026-04-28T04:51,Technical Production,65 hours,Complete
SOFA 2026 Pavilion G - Auditorium,Electrical Layout,Stand readiness,Main aisle,Review sparse hierarchy assignment,Simulated note: dependency requires module-level review.,Pavilion coordinator,In Progress,No,No,2026-06-12T20:28,Technical Production,5 hours,At Risk
SOFA 2026 Pavilion A - Immersive Experiences,Electrical Layout,Operational briefing,Control point,Document operational audit evidence,Simulated note: field observation added for audit traceability.,Logistics support team,Not Started,Yes,No,2026-05-03T02:12,Safety Review,67 hours,Complete
SOFA 2026 Pavilion B - Artist Alley,Furniture Deployment,Equipment reception,,Update technical note for field team,Simulated note: no production source connected in this public dataset.,Logistics support team,Not Started,No,No,2026-04-17T03:44,Venue Logistics,42 hours,Blocked
SOFA 2026 Pavilion C - Esports Arena,Electrical Layout,Operational briefing,,Align role description with owner team,Simulated note: no production source connected in this public dataset.,Pavilion coordinator,Not Started,No,No,2026-04-11T14:03,Exhibitor Services,38 hours,Pending Verification
SOFA 2026 Pavilion D - Maker Lab,Furniture Deployment,Power drop mapping,,Update technical note for field team,Simulated note: pending site confirmation with operations lead.,Logistics support team,Verified,Yes,No,2026-06-07T15:15,Infrastructure,71 hours,Complete
SOFA 2026 Pavilion E - Retail Corridor,Signal Routing,Equipment reception,Secondary aisle,Document operational audit evidence,Simulated note: dependency requires module-level review.,Implementation tracker,Planned,No,No,2026-05-02T04:42,Safety Review,66 hours,On Track
SOFA 2026 Pavilion F - Food Court,Electrical Layout,Floor plan validation,Main aisle,Check verification workflow status,Simulated note: no production source connected in this public dataset.,Field operations lead,Planned,No,No,2026-06-09T06:15,Venue Logistics,42 hours,At Risk
SOFA 2026 Pavilion G - Auditorium,Electrical Layout,Power drop mapping,Public-facing desk,Resolve urgent requirement before pavilion handoff,Simulated note: dependency requires module-level review.,Verification reviewer,In Progress,No,No,2026-05-31T22:21,Exhibitor Services,72 hours,On Track
SOFA 2026 Pavilion A - Immersive Experiences,Safety Inspection,Table and chair setup,Back wall,Update technical note for field team,Simulated note: verification can proceed after handoff evidence.,Pavilion coordinator,In Progress,Yes,No,2026-05-09T20:54,Infrastructure,33 hours,Complete
SOFA 2026 Pavilion B - Artist Alley,Safety Inspection,Directional signage,Storage corner,Document operational audit evidence,Simulated note: pending site confirmation with operations lead.,Field operations lead,Planned,No,No,2026-04-07T15:45,Operations Control,19 hours,At Risk
SOFA 2026 Pavilion C - Esports Arena,Signal Routing,Table and chair setup,,Document operational audit evidence,Simulated note: pending site confirmation with operations lead.,Pavilion coordinator,Planned,No,No,2026-05-05T11:14,Venue Logistics,9 hours,At Risk
SOFA 2026 Pavilion D - Maker Lab,Signal Routing,Table and chair setup,Storage corner,Update technical note for field team,Simulated note: pending site confirmation with operations lead.,Operational audit analyst,Implemented,No,Yes,2026-04-24T12:09,Venue Logistics,32 hours,Blocked
SOFA 2026 Pavilion E - Retail Corridor,Signal Routing,Table and chair setup,Control point,Check verification workflow status,Simulated note: dependency requires module-level review.,Pavilion coordinator,In Progress,No,No,2026-04-28T05:51,Infrastructure,35 hours,Complete
SOFA 2026 Pavilion F - Food Court,Furniture Deployment,Table and chair setup,,Document operational audit evidence,Simulated note: field observation added for audit traceability.,Logistics support team,Verified,Yes,Yes,2026-04-23T14:52,Operations Control,11 hours,Complete
SOFA 2026 Pavilion G - Auditorium,Furniture Deployment,Directional signage,Control point,Align role description with owner team,Simulated note: verification can proceed after handoff evidence.,Field operations lead,Verified,Yes,No,2026-06-07T21:04,Venue Logistics,69 hours,Complete
SOFA 2026 Pavilion A - Immersive Experiences,Queue Management,Power drop mapping,Back wall,Align role description with owner team,Simulated note: verification can proceed after handoff evidence.,Implementation tracker,Implemented,No,No,2026-04-29T13:36,Safety Review,25 hours,At Risk
SOFA 2026 Pavilion B - Artist Alley,Queue Management,Directional signage,Storage corner,Check verification workflow status,Simulated note: dependency requires module-level review.,Operational audit analyst,Not Started,Yes,No,2026-05-25T12:48,Technical Production,46 hours,Complete
SOFA 2026 Pavilion C - Esports Arena,Safety Inspection,Table and chair setup,Secondary aisle,Update technical note for field team,Simulated note: field observation added for audit traceability.,Verification reviewer,In Progress,No,No,2026-06-08T05:35,Venue Logistics,25 hours,Blocked
SOFA 2026 Pavilion D - Maker Lab,Queue Management,Cable protection,,Check verification workflow status,Simulated note: verification can proceed after handoff evidence.,Verification reviewer,In Progress,No,No,2026-05-22T04:02,Operations Control,59 hours,Complete
SOFA 2026 Pavilion E - Retail Corridor,Safety Inspection,Table and chair setup,Secondary aisle,Validate logistics dashboard record consistency,Simulated note: field observation added for audit traceability.,Operational audit analyst,Implemented,No,No,2026-06-16T06:26,Venue Logistics,54 hours,On Track
SOFA 2026 Pavilion F - Food Court,,Emergency corridor clearance,Control point,Review sparse hierarchy assignment,Simulated note: verification can proceed after handoff evidence.,Implementation tracker,Not Started,No,No,2026-06-03T09:48,Infrastructure,55 hours,Complete
SOFA 2026 Pavilion G - Auditorium,Queue Management,Directional signage,Public-facing desk,Validate logistics dashboard record consistency,Simulated note: no production source connected in this public dataset.,Implementation tracker,Verified,Yes,Yes,2026-04-22T12:20,Infrastructure,3 hours,Complete
SOFA 2026 Pavilion A - Immersive Experiences,Queue Management,Emergency corridor clearance,Back wall,Update technical note for field team,Simulated note: verification can proceed after handoff evidence.,Logistics support team,Planned,No,No,2026-05-23T01:31,Technical Production,35 hours,On Track
SOFA 2026 Pavilion B - Artist Alley,Branding Installation,Cable protection,Control point,Document operational audit evidence,Simulated note: no production source connected in this public dataset.,Operational audit analyst,Implemented,No,No,2026-05-09T15:09,Safety Review,57 hours,Blocked
SOFA 2026 Pavilion C - Esports Arena,Queue Management,Cable protection,Secondary aisle,Check verification workflow status,Simulated note: field observation added for audit traceability.,Implementation tracker,Planned,No,No,2026-04-04T01:37,Exhibitor Services,36 hours,Blocked
SOFA 2026 Pavilion D - Maker Lab,Branding Installation,Cable protection,,Document operational audit evidence,Simulated note: field observation added for audit traceability.,Implementation tracker,Implemented,No,No,2026-05-28T19:09,Safety Review,19 hours,Blocked
SOFA 2026 Pavilion E - Retail Corridor,Queue Management,Stand readiness,Main aisle,Review sparse hierarchy assignment,Simulated note: dependency requires module-level review.,Field operations lead,In Progress,Yes,No,2026-05-04T10:27,Exhibitor Services,24 hours,Complete
SOFA 2026 Pavilion F - Food Court,Queue Management,Equipment reception,Storage corner,Review sparse hierarchy assignment,Simulated note: dependency requires module-level review.,Logistics support team,Planned,No,No,2026-04-02T09:23,Exhibitor Services,58 hours,On Track
SOFA 2026 Pavilion G - Auditorium,Branding Installation,Stand readiness,Zone marker,Align role description with owner team,Simulated note: dependency requires module-level review.,Logistics support team,Implemented,No,No,2026-04-26T05:19,Operations Control,35 hours,Blocked
SOFA 2026 Pavilion A - Immersive Experiences,Branding Installation,Emergency corridor clearance,Secondary aisle,Update technical note for field team,Simulated note: pending site confirmation with operations lead.,Implementation tracker,Implemented,Yes,No,2026-05-06T02:56,Safety Review,36 hours,Complete
SOFA 2026 Pavilion B - Artist Alley,Branding Installation,Equipment reception,Storage corner,Review sparse hierarchy assignment,Simulated note: no production source connected in this public dataset.,Logistics support team,Planned,No,No,2026-06-01T13:26,Exhibitor Services,18 hours,Complete
SOFA 2026 Pavilion C - Esports Arena,Branding Installation,Equipment reception,Control point,Confirm implementation tracking milestone,Simulated note: pending site confirmation with operations lead.,Verification reviewer,In Progress,No,No,2026-04-27T17:44,Safety Review,28 hours,On Track
SOFA 2026 Pavilion D - Maker Lab,Branding Installation,Floor plan validation,,Review sparse hierarchy assignment,Simulated note: verification can proceed after handoff evidence.,Logistics support team,In Progress,No,Yes,2026-05-03T02:22,Exhibitor Services,20 hours,Blocked
SOFA 2026 Pavilion E - Retail Corridor,Branding Installation,Equipment reception,,Resolve urgent requirement before pavilion handoff,Simulated note: pending site confirmation with operations lead.,Operational audit analyst,Implemented,No,No,2026-06-01T06:54,Infrastructure,62 hours,Complete
SOFA 2026 Pavilion F - Food Court,Branding Installation,Floor plan validation,Main aisle,Resolve urgent requirement before pavilion handoff,Simulated note: no production source connected in this public dataset.,Field operations lead,Planned,No,No,2026-06-11T16:27,Technical Production,72 hours,Complete
SOFA 2026 Pavilion G - Auditorium,Queue Management,Stand readiness,,Update technical note for field team,Simulated note: no production source connected in this public dataset.,Pavilion coordinator,Planned,No,No,2026-04-06T08:57,Technical Production,36 hours,Complete
SOFA 2026 Pavilion A - Immersive Experiences,Access Control,Floor plan validation,Back wall,Check verification workflow status,Simulated note: dependency requires module-level review.,Logistics support team,In Progress,No,No,2026-06-08T09:52,Exhibitor Services,2 hours,On Track
SOFA 2026 Pavilion B - Artist Alley,Inventory Handoff,Stand readiness,Storage corner,Validate logistics dashboard record consistency,Simulated note: field observation added for audit traceability.,Verification reviewer,Implemented,Yes,No,2026-06-05T10:32,Operations Control,29 hours,Complete
SOFA 2026 Pavilion C - Esports Arena,Access Control,Floor plan validation,Public-facing desk,Review sparse hierarchy assignment,Simulated note: field observation added for audit traceability.,Field operations lead,Implemented,No,No,2026-04-16T14:49,Exhibitor Services,18 hours,Pending Verification
SOFA 2026 Pavilion D - Maker Lab,Inventory Handoff,Floor plan validation,Back wall,Resolve urgent requirement before pavilion handoff,Simulated note: dependency requires module-level review.,Verification reviewer,In Progress,No,No,2026-05-25T14:11,Exhibitor Services,40 hours,At Risk
SOFA 2026 Pavilion E - Retail Corridor,Access Control,Power drop mapping,Public-facing desk,Align role description with owner team,Simulated note: verification can proceed after handoff evidence.,Field operations lead,In Progress,No,No,2026-05-25T13:54,Exhibitor Services,3 hours,On Track
SOFA 2026 Pavilion F - Food Court,Inventory Handoff,Power drop mapping,Control point,Update technical note for field team,Simulated note: field observation added for audit traceability.,Pavilion coordinator,Implemented,No,No,2026-04-16T15:39,Operations Control,65 hours,Blocked
SOFA 2026 Pavilion G - Auditorium,Branding Installation,Power drop mapping,Public-facing desk,Validate logistics dashboard record consistency,Simulated note: field observation added for audit traceability.,Pavilion coordinator,Planned,No,No,2026-05-20T00:32,Exhibitor Services,17 hours,Pending Verification
SOFA 2026 Pavilion A - Immersive Experiences,Access Control,Cable protection,Control point,Validate logistics dashboard record consistency,Simulated note: pending site confirmation with operations lead.,Implementation tracker,Planned,No,No,2026-06-04T19:54,Safety Review,4 hours,Pending Verification
SOFA 2026 Pavilion B - Artist Alley,Electrical Layout,Power drop mapping,Main aisle,Confirm implementation tracking milestone,Simulated note: dependency requires module-level review.,Field operations lead,Implemented,No,No,2026-05-05T06:42,Infrastructure,12 hours,At Risk
SOFA 2026 Pavilion C - Esports Arena,Inventory Handoff,Directional signage,Main aisle,Resolve urgent requirement before pavilion handoff,Simulated note: dependency requires module-level review.,Pavilion coordinator,Implemented,No,No,2026-06-11T05:41,Exhibitor Services,26 hours,On Track
SOFA 2026 Pavilion D - Maker Lab,Electrical Layout,Table and chair setup,Main aisle,Check verification workflow status,Simulated note: pending site confirmation with operations lead.,Operational audit analyst,In Progress,Yes,No,2026-04-04T16:00,Exhibitor Services,20 hours,Complete
SOFA 2026 Pavilion E - Retail Corridor,Inventory Handoff,Emergency corridor clearance,Main aisle,Align role description with owner team,Simulated note: verification can proceed after handoff evidence.,Field operations lead,Verified,Yes,No,2026-05-26T15:42,Operations Control,54 hours,Complete
SOFA 2026 Pavilion F - Food Court,Electrical Layout,Credential checkpoint,Zone marker,Check verification workflow status,Simulated note: no production source connected in this public dataset.,Logistics support team,Implemented,Yes,Yes,2026-06-09T18:04,Venue Logistics,58 hours,Complete
SOFA 2026 Pavilion G - Auditorium,Inventory Handoff,Table and chair setup,Public-facing desk,Resolve urgent requirement before pavilion handoff,Simulated note: pending site confirmation with operations lead.,Pavilion coordinator,Planned,No,No,2026-05-06T03:30,Safety Review,51 hours,Blocked
SOFA 2026 Pavilion A - Immersive Experiences,Access Control,Credential checkpoint,,Document operational audit evidence,Simulated note: no production source connected in this public dataset.,Operational audit analyst,In Progress,No,No,2026-05-29T19:09,Exhibitor Services,19 hours,On Track
SOFA 2026 Pavilion B - Artist Alley,Access Control,Cable protection,,Update technical note for field team,Simulated note: verification can proceed after handoff evidence.,Implementation tracker,Implemented,No,No,2026-04-28T15:36,Operations Control,17 hours,At Risk
SOFA 2026 Pavilion C - Esports Arena,Furniture Deployment,Cable protection,Public-facing desk,Check verification workflow status,Simulated note: dependency requires module-level review.,Field operations lead,In Progress,No,No,2026-05-17T05:11,Safety Review,71 hours,On Track
SOFA 2026 Pavilion D - Maker Lab,Furniture Deployment,Cable protection,,Review sparse hierarchy assignment,Simulated note: field observation added for audit traceability.,Logistics support team,Implemented,No,Yes,2026-05-10T16:55,Operations Control,39 hours,Pending Verification
SOFA 2026 Pavilion E - Retail Corridor,Furniture Deployment,Credential checkpoint,,Check verification workflow status,Simulated note: dependency requires module-level review.,Implementation tracker,In Progress,No,No,2026-04-27T22:37,Venue Logistics,40 hours,At Risk
SOFA 2026 Pavilion F - Food Court,Electrical Layout,Credential checkpoint,Storage corner,Document operational audit evidence,Simulated note: verification can proceed after handoff evidence.,Implementation tracker,In Progress,No,No,2026-04-09T18:22,Technical Production,70 hours,Pending Verification
SOFA 2026 Pavilion G - Auditorium,Access Control,Emergency corridor clearance,Secondary aisle,Review sparse hierarchy assignment,Simulated note: field observation added for audit traceability.,Operational audit analyst,In Progress,No,No,2026-05-22T15:22,Exhibitor Services,44 hours,At Risk
SOFA 2026 Pavilion A - Immersive Experiences,Electrical Layout,Credential checkpoint,Storage corner,Document operational audit evidence,Simulated note: field observation added for audit traceability.,Field operations lead,Verified,Yes,Yes,2026-05-26T09:32,Exhibitor Services,11 hours,Complete
SOFA 2026 Pavilion B - Artist Alley,Signal Routing,Operational briefing,Secondary aisle,Align role description with owner team,Simulated note: field observation added for audit traceability.,Logistics support team,Implemented,No,No,2026-05-12T13:40,Exhibitor Services,55 hours,Complete
SOFA 2026 Pavilion C - Esports Arena,,Operational briefing,Public-facing desk,Update technical note for field team,Simulated note: pending site confirmation with operations lead.,Pavilion coordinator,In Progress,No,No,2026-04-25T03:40,Exhibitor Services,30 hours,On Track
SOFA 2026 Pavilion D - Maker Lab,Furniture Deployment,Credential checkpoint,Back wall,Confirm implementation tracking milestone,Simulated note: pending site confirmation with operations lead.,Implementation tracker,Planned,No,No,2026-04-16T17:18,Safety Review,13 hours,On Track
SOFA 2026 Pavilion E - Retail Corridor,Signal Routing,Operational briefing,Secondary aisle,Document operational audit evidence,Simulated note: field observation added for audit traceability.,Logistics support team,Planned,Yes,Yes,2026-04-17T05:27,Venue Logistics,46 hours,Complete
SOFA 2026 Pavilion F - Food Court,Signal Routing,Stand readiness,Main aisle,Resolve urgent requirement before pavilion handoff,Simulated note: no production source connected in this public dataset.,Field operations lead,Implemented,No,No,2026-06-05T04:21,Venue Logistics,35 hours,At Risk
SOFA 2026 Pavilion G - Auditorium,Electrical Layout,Floor plan validation,,Update technical note for field team,Simulated note: pending site confirmation with operations lead.,Field operations lead,Verified,Yes,No,2026-05-11T15:46,Infrastructure,30 hours,Complete
SOFA 2026 Pavilion A - Immersive Experiences,,Operational briefing,Back wall,Document operational audit evidence,Simulated note: verification can proceed after handoff evidence.,Field operations lead,In Progress,No,No,2026-06-06T23:38,Technical Production,12 hours,On Track
SOFA 2026 Pavilion B - Artist Alley,Furniture Deployment,Stand readiness,Storage corner,Align role description with owner team,Simulated note: pending site confirmation with operations lead.,Operational audit analyst,Not Started,Yes,No,2026-06-05T11:08,Infrastructure,33 hours,Complete
SOFA 2026 Pavilion C - Esports Arena,Safety Inspection,Power drop mapping,Control point,Update technical note for field team,Simulated note: field observation added for audit traceability.,Verification reviewer,In Progress,No,Yes,2026-04-05T16:16,Safety Review,46 hours,Blocked
SOFA 2026 Pavilion D - Maker Lab,Safety Inspection,Floor plan validation,Zone marker,Confirm implementation tracking milestone,Simulated note: verification can proceed after handoff evidence.,Pavilion coordinator,Planned,Yes,Yes,2026-05-15T22:31,Operations Control,27 hours,Complete
SOFA 2026 Pavilion E - Retail Corridor,Safety Inspection,Table and chair setup,Main aisle,Review sparse hierarchy assignment,Simulated note: verification can proceed after handoff evidence.,Pavilion coordinator,In Progress,No,Yes,2026-04-18T16:26,Operations Control,16 hours,On Track
SOFA 2026 Pavilion F - Food Court,Signal Routing,Table and chair setup,Main aisle,Update technical note for field team,Simulated note: no production source connected in this public dataset.,Operational audit analyst,Not Started,No,No,2026-05-11T16:22,Exhibitor Services,71 hours,On Track
SOFA 2026 Pavilion G - Auditorium,Signal Routing,Power drop mapping,Storage corner,Review sparse hierarchy assignment,Simulated note: verification can proceed after handoff evidence.,Field operations lead,Planned,Yes,No,2026-05-23T23:17,Safety Review,54 hours,Complete
SOFA 2026 Pavilion A - Immersive Experiences,Queue Management,Equipment reception,,Review sparse hierarchy assignment,Simulated note: dependency requires module-level review.,Verification reviewer,Planned,Yes,No,2026-05-29T04:08,Exhibitor Services,27 hours,Complete
SOFA 2026 Pavilion B - Artist Alley,Signal Routing,Table and chair setup,Storage corner,Confirm implementation tracking milestone,Simulated note: field observation added for audit traceability.,Logistics support team,Planned,No,Yes,2026-04-27T23:04,Exhibitor Services,55 hours,On Track
SOFA 2026 Pavilion C - Esports Arena,Safety Inspection,Table and chair setup,Main aisle,Review sparse hierarchy assignment,Simulated note: field observation added for audit traceability.,Implementation tracker,In Progress,No,No,2026-05-14T23:42,Technical Production,27 hours,On Track
SOFA 2026 Pavilion D - Maker Lab,Queue Management,Table and chair setup,Public-facing desk,Validate logistics dashboard record consistency,Simulated note: field observation added for audit traceability.,Pavilion coordinator,Implemented,No,No,2026-04-02T01:17,Exhibitor Services,24 hours,On Track
SOFA 2026 Pavilion E - Retail Corridor,Safety Inspection,Directional signage,Back wall,Resolve urgent requirement before pavilion handoff,Simulated note: field observation added for audit traceability.,Pavilion coordinator,Implemented,No,No,2026-05-19T01:55,Exhibitor Services,35 hours,Pending Verification
SOFA 2026 Pavilion F - Food Court,Safety Inspection,Power drop mapping,Zone marker,Check verification workflow status,Simulated note: no production source connected in this public dataset.,Logistics support team,Implemented,No,No,2026-06-15T02:44,Safety Review,32 hours,Pending Verification
SOFA 2026 Pavilion G - Auditorium,Queue Management,Table and chair setup,Back wall,Document operational audit evidence,Simulated note: verification can proceed after handoff evidence.,Operational audit analyst,Implemented,No,Yes,2026-06-14T17:13,Safety Review,12 hours,At Risk
SOFA 2026 Pavilion A - Immersive Experiences,Safety Inspection,Cable protection,Control point,Document operational audit evidence,Simulated note: pending site confirmation with operations lead.,Implementation tracker,Implemented,No,Yes,2026-04-16T16:35,Safety Review,66 hours,Pending Verification
SOFA 2026 Pavilion B - Artist Alley,Branding Installation,Cable protection,Back wall,Validate logistics dashboard record consistency,Simulated note: verification can proceed after handoff evidence.,Operational audit analyst,Implemented,No,No,2026-05-22T08:40,Technical Production,36 hours,On Track
SOFA 2026 Pavilion C - Esports Arena,Safety Inspection,Table and chair setup,Main aisle,Align role description with owner team,Simulated note: dependency requires module-level review.,Field operations lead,Implemented,No,Yes,2026-05-08T12:28,Infrastructure,58 hours,On Track
SOFA 2026 Pavilion D - Maker Lab,Branding Installation,Emergency corridor clearance,Secondary aisle,Align role description with owner team,Simulated note: no production source connected in this public dataset.,Verification reviewer,In Progress,No,No,2026-04-20T10:55,Venue Logistics,42 hours,Pending Verification
SOFA 2026 Pavilion E - Retail Corridor,Queue Management,Credential checkpoint,Public-facing desk,Check verification workflow status,Simulated note: field observation added for audit traceability.,Verification reviewer,Planned,No,No,2026-04-23T21:42,Operations Control,9 hours,Pending Verification
SOFA 2026 Pavilion F - Food Court,Queue Management,Credential checkpoint,Back wall,Resolve urgent requirement before pavilion handoff,Simulated note: pending site confirmation with operations lead.,Pavilion coordinator,Verified,Yes,No,2026-05-29T02:26,Exhibitor Services,43 hours,Complete
SOFA 2026 Pavilion G - Auditorium,Safety Inspection,Operational briefing,Secondary aisle,Validate logistics dashboard record consistency,Simulated note: dependency requires module-level review.,Field operations lead,In Progress,No,No,2026-04-19T16:35,Infrastructure,16 hours,Blocked
SOFA 2026 Pavilion A - Immersive Experiences,Queue Management,Stand readiness,Secondary aisle,Align role description with owner team,Simulated note: pending site confirmation with operations lead.,Verification reviewer,In Progress,Yes,No,2026-04-07T18:28,Venue Logistics,28 hours,Complete
SOFA 2026 Pavilion B - Artist Alley,Branding Installation,Operational briefing,Secondary aisle,Check verification workflow status,Simulated note: dependency requires module-level review.,Pavilion coordinator,Implemented,Yes,No,2026-04-25T07:09,Exhibitor Services,56 hours,Complete
SOFA 2026 Pavilion C - Esports Arena,,Operational briefing,Storage corner,Document operational audit evidence,Simulated note: no production source connected in this public dataset.,Implementation tracker,Not Started,No,No,2026-06-05T20:51,Exhibitor Services,61 hours,On Track
SOFA 2026 Pavilion D - Maker Lab,Queue Management,Stand readiness,Control point,Align role description with owner team,Simulated note: pending site confirmation with operations lead.,Implementation tracker,In Progress,No,Yes,2026-04-03T13:26,Safety Review,20 hours,At Risk
SOFA 2026 Pavilion E - Retail Corridor,Inventory Handoff,Emergency corridor clearance,Public-facing desk,Check verification workflow status,Simulated note: dependency requires module-level review.,Logistics support team,In Progress,No,No,2026-06-02T02:50,Operations Control,50 hours,On Track
SOFA 2026 Pavilion F - Food Court,Branding Installation,Credential checkpoint,Main aisle,Document operational audit evidence,Simulated note: no production source connected in this public dataset.,Implementation tracker,Planned,No,Yes,2026-04-20T06:23,Technical Production,59 hours,Pending Verification
SOFA 2026 Pavilion G - Auditorium,Queue Management,Floor plan validation,,Review sparse hierarchy assignment,Simulated note: field observation added for audit traceability.,Logistics support team,Verified,Yes,No,2026-06-02T10:30,Operations Control,28 hours,Complete
SOFA 2026 Pavilion A - Immersive Experiences,Access Control,Stand readiness,Zone marker,Check verification workflow status,Simulated note: dependency requires module-level review.,Field operations lead,Verified,Yes,No,2026-05-04T23:01,Safety Review,64 hours,Complete
SOFA 2026 Pavilion B - Artist Alley,Inventory Handoff,Equipment reception,Main aisle,Align role description with owner team,Simulated note: pending site confirmation with operations lead.,Implementation tracker,Verified,Yes,No,2026-05-14T19:11,Exhibitor Services,72 hours,Complete
SOFA 2026 Pavilion C - Esports Arena,Branding Installation,Floor plan validation,,Align role description with owner team,Simulated note: verification can proceed after handoff evidence.,Logistics support team,Implemented,No,No,2026-04-08T17:14,Venue Logistics,71 hours,Pending Verification
SOFA 2026 Pavilion D - Maker Lab,Inventory Handoff,Stand readiness,Back wall,Align role description with owner team,Simulated note: no production source connected in this public dataset.,Operational audit analyst,In Progress,Yes,No,2026-04-14T10:12,Operations Control,60 hours,Complete
SOFA 2026 Pavilion E - Retail Corridor,Branding Installation,Table and chair setup,Secondary aisle,Review sparse hierarchy assignment,Simulated note: pending site confirmation with operations lead.,Implementation tracker,In Progress,No,No,2026-04-14T23:32,Infrastructure,11 hours,At Risk
SOFA 2026 Pavilion F - Food Court,Inventory Handoff,Power drop mapping,Zone marker,Check verification workflow status,Simulated note: verification can proceed after handoff evidence.,Field operations lead,Verified,Yes,Yes,2026-06-02T15:22,Operations Control,18 hours,Complete
SOFA 2026 Pavilion G - Auditorium,Access Control,Equipment reception,Storage corner,Align role description with owner team,Simulated note: pending site confirmation with operations lead.,Operational audit analyst,Verified,Yes,No,2026-05-10T05:12,Exhibitor Services,19 hours,Complete
SOFA 2026 Pavilion A - Immersive Experiences,Access Control,Floor plan validation,,Check verification workflow status,Simulated note: no production source connected in this public dataset.,Field operations lead,Planned,No,No,2026-04-08T21:42,Exhibitor Services,65 hours,Pending Verification
SOFA 2026 Pavilion B - Artist Alley,Access Control,Table and chair setup,,Update technical note for field team,Simulated note: verification can proceed after handoff evidence.,Logistics support team,Implemented,Yes,Yes,2026-05-09T19:35,Safety Review,71 hours,Complete
SOFA 2026 Pavilion C - Esports Arena,Electrical Layout,Directional signage,Secondary aisle,Resolve urgent requirement before pavilion handoff,Simulated note: verification can proceed after handoff evidence.,Logistics support team,Not Started,No,No,2026-06-12T13:54,Technical Production,45 hours,On Track
SOFA 2026 Pavilion D - Maker Lab,Inventory Handoff,Floor plan validation,Main aisle,Document operational audit evidence,Simulated note: no production source connected in this public dataset.,Verification reviewer,In Progress,No,No,2026-05-27T11:42,Operations Control,4 hours,Pending Verification
SOFA 2026 Pavilion E - Retail Corridor,Inventory Handoff,Table and chair setup,,Resolve urgent requirement before pavilion handoff,Simulated note: no production source connected in this public dataset.,Implementation tracker,Planned,Yes,No,2026-04-19T02:08,Venue Logistics,39 hours,Complete
SOFA 2026 Pavilion F - Food Court,Electrical Layout,Cable protection,Public-facing desk,Update technical note for field team,Simulated note: field observation added for audit traceability.,Field operations lead,Implemented,Yes,No,2026-05-24T04:52,Exhibitor Services,15 hours,Complete
SOFA 2026 Pavilion G - Auditorium,Access Control,Cable protection,,Align role description with owner team,Simulated note: pending site confirmation with operations lead.,Implementation tracker,Planned,No,No,2026-04-23T15:48,Safety Review,17 hours,Pending Verification
SOFA 2026 Pavilion A - Immersive Experiences,Access Control,Cable protection,Control point,Document operational audit evidence,Simulated note: no production source connected in this public dataset.,Pavilion coordinator,Planned,No,No,2026-05-24T23:55,Exhibitor Services,56 hours,Complete
SOFA 2026 Pavilion B - Artist Alley,Access Control,Emergency corridor clearance,Main aisle,Check verification workflow status,Simulated note: verification can proceed after handoff evidence.,Operational audit analyst,Planned,No,Yes,2026-04-05T14:12,Exhibitor Services,44 hours,On Track
SOFA 2026 Pavilion C - Esports Arena,Furniture Deployment,Cable protection,Back wall,Confirm implementation tracking milestone,Simulated note: no production source connected in this public dataset.,Implementation tracker,Verified,Yes,No,2026-06-15T19:44,Technical Production,65 hours,Complete
SOFA 2026 Pavilion D - Maker Lab,Electrical Layout,Credential checkpoint,Storage corner,Align role description with owner team,Simulated note: no production source connected in this public dataset.,Operational audit analyst,Verified,Yes,Yes,2026-06-10T23:09,Venue Logistics,6 hours,Complete
SOFA 2026 Pavilion E - Retail Corridor,Furniture Deployment,Emergency corridor clearance,Zone marker,Update technical note for field team,Simulated note: verification can proceed after handoff evidence.,Implementation tracker,Implemented,No,No,2026-05-14T05:05,Infrastructure,28 hours,On Track
SOFA 2026 Pavilion F - Food Court,Access Control,Credential checkpoint,Zone marker,Validate logistics dashboard record consistency,Simulated note: verification can proceed after handoff evidence.,Logistics support team,Implemented,No,Yes,2026-05-21T10:29,Operations Control,10 hours,At Risk
SOFA 2026 Pavilion G - Auditorium,Furniture Deployment,Directional signage,Back wall,Resolve urgent requirement before pavilion handoff,Simulated note: dependency requires module-level review.,Logistics support team,Verified,Yes,No,2026-04-07T20:32,Safety Review,64 hours,Complete
SOFA 2026 Pavilion A - Immersive Experiences,Electrical Layout,Credential checkpoint,Back wall,Align role description with owner team,Simulated note: field observation added for audit traceability.,Operational audit analyst,In Progress,No,No,2026-04-09T19:35,Technical Production,39 hours,On Track
SOFA 2026 Pavilion B - Artist Alley,Signal Routing,Operational briefing,Control point,Check verification workflow status,Simulated note: dependency requires module-level review.,Logistics support team,Implemented,Yes,No,2026-05-13T14:23,Operations Control,56 hours,Complete
SOFA 2026 Pavilion C - Esports Arena,Furniture Deployment,Credential checkpoint,Back wall,Confirm implementation tracking milestone,Simulated note: dependency requires module-level review.,Verification reviewer,In Progress,Yes,No,2026-04-29T20:37,Infrastructure,10 hours,Complete
SOFA 2026 Pavilion D - Maker Lab,Furniture Deployment,Emergency corridor clearance,Storage corner,Document operational audit evidence,Simulated note: dependency requires module-level review.,Operational audit analyst,Planned,No,No,2026-04-04T13:44,Safety Review,72 hours,On Track
SOFA 2026 Pavilion E - Retail Corridor,Signal Routing,Credential checkpoint,Secondary aisle,Document operational audit evidence,Simulated note: no production source connected in this public dataset.,Pavilion coordinator,Planned,No,No,2026-05-30T02:48,Infrastructure,31 hours,Complete
SOFA 2026 Pavilion F - Food Court,Signal Routing,Operational briefing,,Review sparse hierarchy assignment,Simulated note: field observation added for audit traceability.,Implementation tracker,Implemented,Yes,Yes,2026-05-09T13:08,Safety Review,68 hours,Complete
SOFA 2026 Pavilion G - Auditorium,Electrical Layout,Operational briefing,Main aisle,Update technical note for field team,Simulated note: dependency requires module-level review.,Pavilion coordinator,Not Started,No,Yes,2026-05-14T00:02,Venue Logistics,63 hours,At Risk
SOFA 2026 Pavilion A - Immersive Experiences,Safety Inspection,Floor plan validation,Back wall,Document operational audit evidence,Simulated note: pending site confirmation with operations lead.,Verification reviewer,Planned,No,No,2026-05-28T09:23,Venue Logistics,46 hours,On Track
SOFA 2026 Pavilion B - Artist Alley,Signal Routing,Credential checkpoint,Control point,Validate logistics dashboard record consistency,Simulated note: field observation added for audit traceability.,Verification reviewer,In Progress,No,No,2026-04-18T13:25,Exhibitor Services,28 hours,Complete
SOFA 2026 Pavilion C - Esports Arena,Signal Routing,Equipment reception,,Review sparse hierarchy assignment,Simulated note: no production source connected in this public dataset.,Operational audit analyst,In Progress,No,Yes,2026-06-09T07:27,Safety Review,27 hours,At Risk
SOFA 2026 Pavilion D - Maker Lab,Signal Routing,Power drop mapping,Secondary aisle,Check verification workflow status,Simulated note: dependency requires module-level review.,Operational audit analyst,Implemented,Yes,No,2026-05-23T09:32,Technical Production,24 hours,Complete
SOFA 2026 Pavilion E - Retail Corridor,Safety Inspection,Equipment reception,,Validate logistics dashboard record consistency,Simulated note: verification can proceed after handoff evidence.,Operational audit analyst,In Progress,No,No,2026-04-24T06:05,Venue Logistics,12 hours,On Track
SOFA 2026 Pavilion F - Food Court,Furniture Deployment,Power drop mapping,Zone marker,Review sparse hierarchy assignment,Simulated note: no production source connected in this public dataset.,Pavilion coordinator,Implemented,No,No,2026-04-26T00:19,Exhibitor Services,63 hours,Blocked
SOFA 2026 Pavilion G - Auditorium,Signal Routing,Power drop mapping,Public-facing desk,Document operational audit evidence,Simulated note: field observation added for audit traceability.,Verification reviewer,Implemented,No,Yes,2026-04-08T14:11,Operations Control,50 hours,At Risk
SOFA 2026 Pavilion A - Immersive Experiences,Safety Inspection,Equipment reception,,Update technical note for field team,Simulated note: pending site confirmation with operations lead.,Field operations lead,In Progress,No,Yes,2026-04-25T02:12,Venue Logistics,57 hours,On Track
SOFA 2026 Pavilion B - Artist Alley,Safety Inspection,Equipment reception,Control point,Confirm implementation tracking milestone,Simulated note: no production source connected in this public dataset.,Operational audit analyst,In Progress,Yes,No,2026-04-09T06:45,Infrastructure,54 hours,Complete
SOFA 2026 Pavilion C - Esports Arena,Signal Routing,Power drop mapping,Public-facing desk,Validate logistics dashboard record consistency,Simulated note: no production source connected in this public dataset.,Pavilion coordinator,In Progress,No,No,2026-04-14T13:53,Venue Logistics,27 hours,Pending Verification
SOFA 2026 Pavilion D - Maker Lab,Safety Inspection,Directional signage,Control point,Confirm implementation tracking milestone,Simulated note: field observation added for audit traceability.,Operational audit analyst,Not Started,No,No,2026-04-10T16:39,Safety Review,55 hours,On Track
SOFA 2026 Pavilion E - Retail Corridor,Signal Routing,Floor plan validation,,Resolve urgent requirement before pavilion handoff,Simulated note: field observation added for audit traceability.,Operational audit analyst,Implemented,No,No,2026-04-13T11:32,Safety Review,68 hours,At Risk
SOFA 2026 Pavilion F - Food Court,Signal Routing,Directional signage,Main aisle,Check verification workflow status,Simulated note: no production source connected in this public dataset.,Pavilion coordinator,Not Started,Yes,No,2026-05-20T18:01,Safety Review,49 hours,Complete
SOFA 2026 Pavilion G - Auditorium,Safety Inspection,Table and chair setup,Back wall,Review sparse hierarchy assignment,Simulated note: no production source connected in this public dataset.,Pavilion coordinator,In Progress,Yes,Yes,2026-05-01T13:19,Venue Logistics,58 hours,Complete
SOFA 2026 Pavilion A - Immersive Experiences,Safety Inspection,Cable protection,Back wall,Check verification workflow status,Simulated note: field observation added for audit traceability.,Verification reviewer,In Progress,No,Yes,2026-06-08T01:44,Safety Review,30 hours,On Track
SOFA 2026 Pavilion B - Artist Alley,Safety Inspection,Cable protection,,Align role description with owner team,Simulated note: no production source connected in this public dataset.,Logistics support team,Implemented,Yes,No,2026-05-21T17:33,Safety Review,17 hours,Complete
SOFA 2026 Pavilion C - Esports Arena,Safety Inspection,Table and chair setup,Zone marker,Align role description with owner team,Simulated note: verification can proceed after handoff evidence.,Pavilion coordinator,Not Started,No,No,2026-05-27T07:42,Venue Logistics,14 hours,On Track
SOFA 2026 Pavilion D - Maker Lab,Safety Inspection,Table and chair setup,,Document operational audit evidence,Simulated note: verification can proceed after handoff evidence.,Logistics support team,In Progress,No,Yes,2026-04-09T21:25,Technical Production,31 hours,Pending Verification
SOFA 2026 Pavilion E - Retail Corridor,Queue Management,Emergency corridor clearance,Storage corner,Confirm implementation tracking milestone,Simulated note: dependency requires module-level review.,Field operations lead,Verified,Yes,No,2026-06-14T08:33,Exhibitor Services,52 hours,Complete
SOFA 2026 Pavilion F - Food Court,,Directional signage,,Validate logistics dashboard record consistency,Simulated note: no production source connected in this public dataset.,Logistics support team,Verified,Yes,No,2026-05-22T16:15,Operations Control,50 hours,Complete
SOFA 2026 Pavilion G - Auditorium,Branding Installation,Table and chair setup,Zone marker,Document operational audit evidence,Simulated note: pending site confirmation with operations lead.,Logistics support team,Implemented,No,Yes,2026-06-12T19:26,Operations Control,71 hours,At Risk
SOFA 2026 Pavilion A - Immersive Experiences,Branding Installation,Emergency corridor clearance,Main aisle,Resolve urgent requirement before pavilion handoff,Simulated note: verification can proceed after handoff evidence.,Field operations lead,Planned,No,No,2026-05-10T07:44,Technical Production,6 hours,On Track
SOFA 2026 Pavilion B - Artist Alley,Branding Installation,Cable protection,Secondary aisle,Resolve urgent requirement before pavilion handoff,Simulated note: verification can proceed after handoff evidence.,Logistics support team,In Progress,No,No,2026-06-08T03:27,Operations Control,43 hours,Pending Verification
SOFA 2026 Pavilion C - Esports Arena,Branding Installation,Directional signage,,Update technical note for field team,Simulated note: verification can proceed after handoff evidence.,Implementation tracker,Planned,No,Yes,2026-05-30T16:09,Infrastructure,28 hours,On Track
SOFA 2026 Pavilion D - Maker Lab,Inventory Handoff,Emergency corridor clearance,Zone marker,Confirm implementation tracking milestone,Simulated note: pending site confirmation with operations lead.,Verification reviewer,In Progress,No,No,2026-04-15T10:30,Safety Review,41 hours,On Track
SOFA 2026 Pavilion E - Retail Corridor,Queue Management,Stand readiness,Back wall,Update technical note for field team,Simulated note: dependency requires module-level review.,Logistics support team,Not Started,No,No,2026-06-13T06:21,Exhibitor Services,62 hours,On Track
SOFA 2026 Pavilion F - Food Court,Branding Installation,Emergency corridor clearance,Control point,Check verification workflow status,Simulated note: pending site confirmation with operations lead.,Implementation tracker,Verified,Yes,Yes,2026-05-05T12:05,Operations Control,6 hours,Complete
SOFA 2026 Pavilion G - Auditorium,Branding Installation,Stand readiness,Zone marker,Validate logistics dashboard record consistency,Simulated note: no production source connected in this public dataset.,Implementation tracker,In Progress,No,No,2026-04-13T11:23,Technical Production,6 hours,Blocked
SOFA 2026 Pavilion A - Immersive Experiences,Branding Installation,Emergency corridor clearance,Zone marker,Update technical note for field team,Simulated note: verification can proceed after handoff evidence.,Operational audit analyst,Not Started,No,No,2026-05-03T02:38,Venue Logistics,72 hours,Blocked
SOFA 2026 Pavilion B - Artist Alley,Access Control,Operational briefing,,Review sparse hierarchy assignment,Simulated note: field observation added for audit traceability.,Implementation tracker,In Progress,No,Yes,2026-06-12T18:20,Safety Review,63 hours,At Risk
SOFA 2026 Pavilion C - Esports Arena,Inventory Handoff,Stand readiness,Main aisle,Review sparse hierarchy assignment,Simulated note: field observation added for audit traceability.,Field operations lead,In Progress,No,Yes,2026-06-09T23:01,Infrastructure,12 hours,On Track
SOFA 2026 Pavilion D - Maker Lab,Access Control,Stand readiness,Storage corner,Review sparse hierarchy assignment,Simulated note: field observation added for audit traceability.,Implementation tracker,Implemented,No,No,2026-06-15T00:22,Infrastructure,2 hours,Pending Verification
SOFA 2026 Pavilion E - Retail Corridor,Inventory Handoff,Floor plan validation,Zone marker,Confirm implementation tracking milestone,Simulated note: pending site confirmation with operations lead.,Pavilion coordinator,Implemented,No,No,2026-06-08T00:11,Infrastructure,36 hours,Pending Verification
SOFA 2026 Pavilion F - Food Court,Inventory Handoff,Floor plan validation,Zone marker,Review sparse hierarchy assignment,Simulated note: pending site confirmation with operations lead.,Implementation tracker,Verified,Yes,No,2026-05-09T04:21,Safety Review,11 hours,Complete
SOFA 2026 Pavilion G - Auditorium,Branding Installation,Floor plan validation,,Align role description with owner team,Simulated note: verification can proceed after handoff evidence.,Verification reviewer,In Progress,No,No,2026-05-02T01:41,Venue Logistics,49 hours,On Track
SOFA 2026 Pavilion A - Immersive Experiences,Electrical Layout,Operational briefing,Control point,Confirm implementation tracking milestone,Simulated note: pending site confirmation with operations lead.,Field operations lead,Verified,Yes,No,2026-04-06T03:22,Operations Control,51 hours,Complete
SOFA 2026 Pavilion B - Artist Alley,Inventory Handoff,Equipment reception,Public-facing desk,Document operational audit evidence,Simulated note: dependency requires module-level review.,Operational audit analyst,Not Started,No,No,2026-05-08T12:10,Operations Control,49 hours,On Track
SOFA 2026 Pavilion C - Esports Arena,Inventory Handoff,Equipment reception,Control point,Resolve urgent requirement before pavilion handoff,Simulated note: dependency requires module-level review.,Verification reviewer,Implemented,No,No,2026-05-25T07:04,Technical Production,38 hours,Pending Verification
SOFA 2026 Pavilion D - Maker Lab,,Stand readiness,Zone marker,Align role description with owner team,Simulated note: pending site confirmation with operations lead.,Logistics support team,Implemented,Yes,Yes,2026-04-04T02:56,Exhibitor Services,13 hours,Complete
SOFA 2026 Pavilion E - Retail Corridor,Electrical Layout,Power drop mapping,,Resolve urgent requirement before pavilion handoff,Simulated note: verification can proceed after handoff evidence.,Operational audit analyst,Planned,No,No,2026-04-21T14:52,Safety Review,53 hours,Pending Verification
SOFA 2026 Pavilion F - Food Court,Electrical Layout,Table and chair setup,,Resolve urgent requirement before pavilion handoff,Simulated note: dependency requires module-level review.,Pavilion coordinator,Implemented,No,Yes,2026-04-13T08:40,Operations Control,67 hours,On Track
SOFA 2026 Pavilion G - Auditorium,Electrical Layout,Equipment reception,,Document operational audit evidence,Simulated note: verification can proceed after handoff evidence.,Field operations lead,Implemented,No,No,2026-06-13T09:31,Operations Control,16 hours,Pending Verification
SOFA 2026 Pavilion A - Immersive Experiences,Furniture Deployment,Power drop mapping,Zone marker,Confirm implementation tracking milestone,Simulated note: dependency requires module-level review.,Logistics support team,Implemented,No,No,2026-05-26T21:45,Technical Production,30 hours,Complete
SOFA 2026 Pavilion B - Artist Alley,Access Control,Directional signage,Main aisle,Update technical note for field team,Simulated note: no production source connected in this public dataset.,Logistics support team,Planned,No,No,2026-05-17T02:13,Operations Control,68 hours,On Track
SOFA 2026 Pavilion C - Esports Arena,Furniture Deployment,Power drop mapping,,Confirm implementation tracking milestone,Simulated note: no production source connected in this public dataset.,Logistics support team,In Progress,Yes,No,2026-05-04T21:52,Venue Logistics,38 hours,Complete
SOFA 2026 Pavilion D - Maker Lab,Furniture Deployment,Directional signage,Storage corner,Review sparse hierarchy assignment,Simulated note: field observation added for audit traceability.,Implementation tracker,In Progress,No,Yes,2026-05-27T08:21,Technical Production,39 hours,Pending Verification
SOFA 2026 Pavilion E - Retail Corridor,Electrical Layout,Power drop mapping,Back wall,Document operational audit evidence,Simulated note: no production source connected in this public dataset.,Pavilion coordinator,Implemented,No,Yes,2026-04-09T08:03,Technical Production,40 hours,Pending Verification
SOFA 2026 Pavilion F - Food Court,Furniture Deployment,Power drop mapping,Main aisle,Review sparse hierarchy assignment,Simulated note: pending site confirmation with operations lead.,Operational audit analyst,In Progress,No,No,2026-05-14T05:57,Operations Control,22 hours,Pending Verification
SOFA 2026 Pavilion G - Auditorium,Access Control,Table and chair setup,Zone marker,Align role description with owner team,Simulated note: verification can proceed after handoff evidence.,Implementation tracker,In Progress,No,No,2026-05-05T15:08,Exhibitor Services,22 hours,On Track
SOFA 2026 Pavilion A - Immersive Experiences,Signal Routing,Table and chair setup,Storage corner,Confirm implementation tracking milestone,Simulated note: no production source connected in this public dataset.,Logistics support team,Verified,Yes,No,2026-05-06T17:57,Exhibitor Services,62 hours,Complete
SOFA 2026 Pavilion B - Artist Alley,Signal Routing,Directional signage,Back wall,Check verification workflow status,Simulated note: pending site confirmation with operations lead.,Operational audit analyst,Not Started,No,No,2026-04-24T11:46,Safety Review,15 hours,Pending Verification
SOFA 2026 Pavilion C - Esports Arena,Signal Routing,Cable protection,Zone marker,Validate logistics dashboard record consistency,Simulated note: pending site confirmation with operations lead.,Pavilion coordinator,Verified,Yes,Yes,2026-04-16T09:43,Exhibitor Services,28 hours,Complete
SOFA 2026 Pavilion D - Maker Lab,Signal Routing,Emergency corridor clearance,Public-facing desk,Confirm implementation tracking milestone,Simulated note: no production source connected in this public dataset.,Field operations lead,Planned,No,No,2026-04-03T22:59,Operations Control,48 hours,On Track
SOFA 2026 Pavilion E - Retail Corridor,Electrical Layout,Directional signage,Storage corner,Update technical note for field team,Simulated note: pending site confirmation with operations lead.,Field operations lead,Implemented,No,Yes,2026-05-24T03:02,Operations Control,40 hours,On Track
SOFA 2026 Pavilion F - Food Court,Furniture Deployment,Credential checkpoint,Zone marker,Resolve urgent requirement before pavilion handoff,Simulated note: dependency requires module-level review.,Pavilion coordinator,Not Started,No,Yes,2026-05-05T06:32,Safety Review,42 hours,Blocked
SOFA 2026 Pavilion G - Auditorium,Furniture Deployment,Emergency corridor clearance,Back wall,Validate logistics dashboard record consistency,Simulated note: pending site confirmation with operations lead.,Pavilion coordinator,In Progress,No,Yes,2026-06-09T11:07,Exhibitor Services,47 hours,At Risk
SOFA 2026 Pavilion A - Immersive Experiences,Furniture Deployment,Credential checkpoint,Control point,Confirm implementation tracking milestone,Simulated note: dependency requires module-level review.,Verification reviewer,In Progress,No,No,2026-04-17T18:23,Safety Review,53 hours,On Track
SOFA 2026 Pavilion B - Artist Alley,Safety Inspection,Equipment reception,,Align role description with owner team,Simulated note: pending site confirmation with operations lead.,Logistics support team,In Progress,Yes,No,2026-06-09T18:52,Operations Control,23 hours,Complete
SOFA 2026 Pavilion C - Esports Arena,Safety Inspection,Equipment reception,,Review sparse hierarchy assignment,Simulated note: field observation added for audit traceability.,Operational audit analyst,Implemented,No,No,2026-05-03T09:03,Venue Logistics,3 hours,Pending Verification
SOFA 2026 Pavilion D - Maker Lab,Safety Inspection,Operational briefing,,Update technical note for field team,Simulated note: pending site confirmation with operations lead.,Implementation tracker,Planned,No,No,2026-06-14T01:49,Exhibitor Services,28 hours,On Track
SOFA 2026 Pavilion E - Retail Corridor,Safety Inspection,Floor plan validation,Control point,Resolve urgent requirement before pavilion handoff,Simulated note: dependency requires module-level review.,Implementation tracker,Planned,No,Yes,2026-04-11T14:24,Exhibitor Services,62 hours,At Risk
SOFA 2026 Pavilion F - Food Court,Furniture Deployment,Operational briefing,Control point,Confirm implementation tracking milestone,Simulated note: verification can proceed after handoff evidence.,Pavilion coordinator,Implemented,No,No,2026-04-23T08:18,Technical Production,9 hours,On Track
SOFA 2026 Pavilion G - Auditorium,Furniture Deployment,Floor plan validation,Public-facing desk,Resolve urgent requirement before pavilion handoff,Simulated note: verification can proceed after handoff evidence.,Logistics support team,Planned,No,No,2026-05-09T01:44,Venue Logistics,5 hours,Pending Verification
SOFA 2026 Pavilion A - Immersive Experiences,Signal Routing,Stand readiness,Storage corner,Review sparse hierarchy assignment,Simulated note: no production source connected in this public dataset.,Verification reviewer,Planned,No,Yes,2026-05-04T03:20,Operations Control,25 hours,At Risk
SOFA 2026 Pavilion B - Artist Alley,Queue Management,Stand readiness,Storage corner,Align role description with owner team,Simulated note: field observation added for audit traceability.,Field operations lead,In Progress,No,No,2026-05-13T05:04,Venue Logistics,10 hours,Blocked
SOFA 2026 Pavilion C - Esports Arena,Signal Routing,Floor plan validation,Back wall,Update technical note for field team,Simulated note: verification can proceed after handoff evidence.,Implementation tracker,Planned,No,No,2026-04-12T05:00,Exhibitor Services,40 hours,At Risk
SOFA 2026 Pavilion D - Maker Lab,Safety Inspection,Table and chair setup,Secondary aisle,Update technical note for field team,Simulated note: dependency requires module-level review.,Field operations lead,Verified,Yes,No,2026-04-22T14:17,Technical Production,18 hours,Complete
SOFA 2026 Pavilion E - Retail Corridor,,Floor plan validation,Zone marker,Validate logistics dashboard record consistency,Simulated note: verification can proceed after handoff evidence.,Verification reviewer,In Progress,No,No,2026-04-20T12:43,Safety Review,61 hours,Pending Verification
SOFA 2026 Pavilion F - Food Court,Queue Management,Table and chair setup,,Update technical note for field team,Simulated note: pending site confirmation with operations lead.,Logistics support team,Verified,Yes,No,2026-04-30T02:16,Technical Production,14 hours,Complete
SOFA 2026 Pavilion G - Auditorium,Safety Inspection,Power drop mapping,Zone marker,Confirm implementation tracking milestone,Simulated note: verification can proceed after handoff evidence.,Pavilion coordinator,Verified,Yes,No,2026-06-07T02:30,Venue Logistics,65 hours,Complete
SOFA 2026 Pavilion A - Immersive Experiences,,Directional signage,Zone marker,Confirm implementation tracking milestone,Simulated note: field observation added for audit traceability.,Pavilion coordinator,In Progress,No,No,2026-05-05T03:24,Technical Production,59 hours,Complete
SOFA 2026 Pavilion B - Artist Alley,Queue Management,Floor plan validation,Public-facing desk,Align role description with owner team,Simulated note: pending site confirmation with operations lead.,Field operations lead,Implemented,No,Yes,2026-05-30T13:44,Exhibitor Services,56 hours,Pending Verification
SOFA 2026 Pavilion C - Esports Arena,Queue Management,Power drop mapping,Secondary aisle,Resolve urgent requirement before pavilion handoff,Simulated note: field observation added for audit traceability.,Field operations lead,In Progress,No,No,2026-05-30T18:58,Operations Control,44 hours,Complete
SOFA 2026 Pavilion D - Maker Lab,Queue Management,Floor plan validation,Main aisle,Resolve urgent requirement before pavilion handoff,Simulated note: pending site confirmation with operations lead.,Field operations lead,In Progress,No,Yes,2026-05-29T16:44,Operations Control,3 hours,At Risk
SOFA 2026 Pavilion E - Retail Corridor,Branding Installation,Power drop mapping,Storage corner,Validate logistics dashboard record consistency,Simulated note: verification can proceed after handoff evidence.,Field operations lead,Verified,Yes,No,2026-05-14T20:51,Venue Logistics,60 hours,Complete
SOFA 2026 Pavilion F - Food Court,Queue Management,Table and chair setup,Control point,Validate logistics dashboard record consistency,Simulated note: field observation added for audit traceability.,Operational audit analyst,In Progress,No,Yes,2026-05-23T07:58,Operations Control,58 hours,At Risk
SOFA 2026 Pavilion G - Auditorium,Safety Inspection,Emergency corridor clearance,,Align role description with owner team,Simulated note: no production source connected in this public dataset.,Logistics support team,In Progress,No,No,2026-06-09T00:05,Venue Logistics,67 hours,Pending Verification
SOFA 2026 Pavilion A - Immersive Experiences,Queue Management,Table and chair setup,Secondary aisle,Check verification workflow status,Simulated note: no production source connected in this public dataset.,Pavilion coordinator,In Progress,No,No,2026-04-03T22:43,Exhibitor Services,52 hours,At Risk
SOFA 2026 Pavilion B - Artist Alley,Branding Installation,Credential checkpoint,Secondary aisle,Validate logistics dashboard record consistency,Simulated note: pending site confirmation with operations lead.,Operational audit analyst,In Progress,No,No,2026-04-18T11:36,Safety Review,45 hours,On Track
SOFA 2026 Pavilion C - Esports Arena,Branding Installation,Table and chair setup,Control point,Review sparse hierarchy assignment,Simulated note: verification can proceed after handoff evidence.,Field operations lead,Verified,Yes,Yes,2026-05-02T08:26,Exhibitor Services,49 hours,Complete
SOFA 2026 Pavilion D - Maker Lab,Branding Installation,Table and chair setup,Public-facing desk,Check verification workflow status,Simulated note: dependency requires module-level review.,Field operations lead,Planned,No,No,2026-05-12T02:38,Exhibitor Services,14 hours,On Track
SOFA 2026 Pavilion E - Retail Corridor,Queue Management,Emergency corridor clearance,Secondary aisle,Update technical note for field team,Simulated note: verification can proceed after handoff evidence.,Logistics support team,Implemented,No,Yes,2026-04-04T07:44,Exhibitor Services,54 hours,At Risk
SOFA 2026 Pavilion F - Food Court,Branding Installation,Credential checkpoint,,Resolve urgent requirement before pavilion handoff,Simulated note: no production source connected in this public dataset.,Pavilion coordinator,Implemented,No,No,2026-04-18T09:51,Venue Logistics,52 hours,Complete
SOFA 2026 Pavilion G - Auditorium,Inventory Handoff,Directional signage,,Resolve urgent requirement before pavilion handoff,Simulated note: no production source connected in this public dataset.,Field operations lead,In Progress,No,Yes,2026-04-04T04:14,Operations Control,53 hours,Pending Verification
SOFA 2026 Pavilion A - Immersive Experiences,Branding Installation,Stand readiness,Storage corner,Align role description with owner team,Simulated note: dependency requires module-level review.,Pavilion coordinator,In Progress,Yes,No,2026-05-05T14:43,Technical Production,71 hours,Complete
SOFA 2026 Pavilion B - Artist Alley,Access Control,Cable protection,Zone marker,Validate logistics dashboard record consistency,Simulated note: dependency requires module-level review.,Logistics support team,Verified,Yes,Yes,2026-06-11T06:43,Operations Control,32 hours,Complete
SOFA 2026 Pavilion C - Esports Arena,Inventory Handoff,Stand readiness,Control point,Document operational audit evidence,Simulated note: verification can proceed after handoff evidence.,Implementation tracker,Implemented,No,No,2026-05-31T09:14,Safety Review,19 hours,On Track
SOFA 2026 Pavilion D - Maker Lab,Access Control,Equipment reception,Back wall,Review sparse hierarchy assignment,Simulated note: pending site confirmation with operations lead.,Logistics support team,Implemented,No,No,2026-05-12T13:32,Venue Logistics,19 hours,Complete
SOFA 2026 Pavilion E - Retail Corridor,Access Control,Operational briefing,Public-facing desk,Align role description with owner team,Simulated note: verification can proceed after handoff evidence.,Field operations lead,In Progress,No,Yes,2026-04-11T21:06,Exhibitor Services,42 hours,At Risk
SOFA 2026 Pavilion F - Food Court,Access Control,Operational briefing,Secondary aisle,Document operational audit evidence,Simulated note: no production source connected in this public dataset.,Verification reviewer,In Progress,No,No,2026-05-02T05:20,Technical Production,17 hours,On Track
SOFA 2026 Pavilion G - Auditorium,,Credential checkpoint,Main aisle,Align role description with owner team,Simulated note: field observation added for audit traceability.,Field operations lead,Verified,Yes,No,2026-05-31T09:09,Exhibitor Services,8 hours,Complete
SOFA 2026 Pavilion A - Immersive Experiences,Electrical Layout,Stand readiness,Storage corner,Validate logistics dashboard record consistency,Simulated note: field observation added for audit traceability.,Operational audit analyst,In Progress,No,No,2026-04-01T13:18,Operations Control,37 hours,On Track
SOFA 2026 Pavilion B - Artist Alley,Access Control,Equipment reception,Zone marker,Confirm implementation tracking milestone,Simulated note: no production source connected in this public dataset.,Field operations lead,In Progress,No,No,2026-04-26T13:37,Safety Review,38 hours,Pending Verification
SOFA 2026 Pavilion C - Esports Arena,Access Control,Floor plan validation,,Document operational audit evidence,Simulated note: pending site confirmation with operations lead.,Verification reviewer,In Progress,Yes,No,2026-04-20T14:37,Venue Logistics,65 hours,Complete
SOFA 2026 Pavilion D - Maker Lab,Electrical Layout,Floor plan validation,Control point,Document operational audit evidence,Simulated note: dependency requires module-level review.,Verification reviewer,Planned,No,No,2026-05-27T04:18,Technical Production,49 hours,Complete
SOFA 2026 Pavilion E - Retail Corridor,Electrical Layout,Stand readiness,Main aisle,Resolve urgent requirement before pavilion handoff,Simulated note: verification can proceed after handoff evidence.,Verification reviewer,Planned,No,Yes,2026-05-19T00:08,Exhibitor Services,14 hours,At Risk
SOFA 2026 Pavilion F - Food Court,Access Control,Power drop mapping,Zone marker,Document operational audit evidence,Simulated note: field observation added for audit traceability.,Implementation tracker,Verified,Yes,Yes,2026-05-24T22:14,Venue Logistics,17 hours,Complete
SOFA 2026 Pavilion G - Auditorium,Electrical Layout,Stand readiness,Secondary aisle,Document operational audit evidence,Simulated note: no production source connected in this public dataset.,Verification reviewer,Implemented,No,No,2026-06-15T16:38,Operations Control,68 hours,On Track
SOFA 2026 Pavilion A - Immersive Experiences,Electrical Layout,Stand readiness,Main aisle,Check verification workflow status,Simulated note: verification can proceed after handoff evidence.,Implementation tracker,Implemented,No,No,2026-06-06T16:19,Infrastructure,11 hours,Complete
SOFA 2026 Pavilion B - Artist Alley,Electrical Layout,Equipment reception,,Resolve urgent requirement before pavilion handoff,Simulated note: dependency requires module-level review.,Pavilion coordinator,Planned,No,No,2026-05-25T23:50,Safety Review,22 hours,At Risk
SOFA 2026 Pavilion C - Esports Arena,Electrical Layout,Table and chair setup,Storage corner,Align role description with owner team,Simulated note: field observation added for audit traceability.,Field operations lead,Implemented,No,No,2026-04-05T14:00,Operations Control,34 hours,Complete
SOFA 2026 Pavilion D - Maker Lab,Access Control,Table and chair setup,Storage corner,Validate logistics dashboard record consistency,Simulated note: dependency requires module-level review.,Operational audit analyst,In Progress,No,No,2026-06-10T20:30,Exhibitor Services,3 hours,Pending Verification
SOFA 2026 Pavilion E - Retail Corridor,Access Control,Directional signage,Control point,Resolve urgent requirement before pavilion handoff,Simulated note: pending site confirmation with operations lead.,Field operations lead,Verified,Yes,No,2026-05-21T17:45,Technical Production,47 hours,Complete
SOFA 2026 Pavilion F - Food Court,Access Control,Power drop mapping,Control point,Resolve urgent requirement before pavilion handoff,Simulated note: dependency requires module-level review.,Pavilion coordinator,Planned,No,No,2026-06-09T23:18,Venue Logistics,54 hours,Complete
SOFA 2026 Pavilion G - Auditorium,Access Control,Floor plan validation,,Update technical note for field team,Simulated note: no production source connected in this public dataset.,Operational audit analyst,Not Started,Yes,Yes,2026-04-13T12:59,Technical Production,28 hours,Complete
SOFA 2026 Pavilion A - Immersive Experiences,Furniture Deployment,Table and chair setup,Secondary aisle,Resolve urgent requirement before pavilion handoff,Simulated note: dependency requires module-level review.,Field operations lead,Implemented,No,Yes,2026-04-16T06:07,Venue Logistics,20 hours,Blocked
SOFA 2026 Pavilion B - Artist Alley,Signal Routing,Table and chair setup,,Validate logistics dashboard record consistency,Simulated note: verification can proceed after handoff evidence.,Operational audit analyst,Implemented,No,No,2026-05-30T19:21,Infrastructure,16 hours,On Track
SOFA 2026 Pavilion C - Esports Arena,Electrical Layout,Power drop mapping,,Review sparse hierarchy assignment,Simulated note: dependency requires module-level review.,Verification reviewer,In Progress,No,No,2026-05-21T07:10,Exhibitor Services,14 hours,Blocked
SOFA 2026 Pavilion D - Maker Lab,Electrical Layout,Credential checkpoint,,Validate logistics dashboard record consistency,Simulated note: dependency requires module-level review.,Pavilion coordinator,Implemented,No,Yes,2026-05-26T04:30,Technical Production,65 hours,At Risk
SOFA 2026 Pavilion E - Retail Corridor,Electrical Layout,Table and chair setup,Back wall,Confirm implementation tracking milestone,Simulated note: dependency requires module-level review.,Verification reviewer,In Progress,No,No,2026-04-17T08:02,Safety Review,58 hours,At Risk
SOFA 2026 Pavilion F - Food Court,Furniture Deployment,Credential checkpoint,Back wall,Validate logistics dashboard record consistency,Simulated note: no production source connected in this public dataset.,Implementation tracker,Planned,No,No,2026-05-16T05:58,Safety Review,31 hours,At Risk
SOFA 2026 Pavilion G - Auditorium,Signal Routing,Operational briefing,,Align role description with owner team,Simulated note: field observation added for audit traceability.,Operational audit analyst,Not Started,No,No,2026-05-13T20:15,Venue Logistics,11 hours,Blocked
SOFA 2026 Pavilion A - Immersive Experiences,Furniture Deployment,Emergency corridor clearance,Storage corner,Review sparse hierarchy assignment,Simulated note: verification can proceed after handoff evidence.,Implementation tracker,Planned,No,No,2026-05-20T01:19,Infrastructure,72 hours,On Track
SOFA 2026 Pavilion B - Artist Alley,Safety Inspection,Directional signage,Storage corner,Check verification workflow status,Simulated note: field observation added for audit traceability.,Operational audit analyst,In Progress,No,Yes,2026-05-28T17:48,Safety Review,42 hours,On Track
SOFA 2026 Pavilion C - Esports Arena,Signal Routing,Emergency corridor clearance,Back wall,Confirm implementation tracking milestone,Simulated note: verification can proceed after handoff evidence.,Verification reviewer,In Progress,No,No,2026-04-21T03:52,Venue Logistics,54 hours,On Track
SOFA 2026 Pavilion D - Maker Lab,Furniture Deployment,Credential checkpoint,,Document operational audit evidence,Simulated note: pending site confirmation with operations lead.,Implementation tracker,Implemented,Yes,No,2026-04-16T04:30,Safety Review,27 hours,Complete
SOFA 2026 Pavilion E - Retail Corridor,Furniture Deployment,Stand readiness,Control point,Update technical note for field team,Simulated note: pending site confirmation with operations lead.,Pavilion coordinator,Implemented,No,No,2026-04-30T14:06,Exhibitor Services,13 hours,Complete
SOFA 2026 Pavilion F - Food Court,Furniture Deployment,Emergency corridor clearance,Zone marker,Resolve urgent requirement before pavilion handoff,Simulated note: dependency requires module-level review.,Implementation tracker,In Progress,No,No,2026-04-06T05:31,Safety Review,63 hours,Pending Verification
SOFA 2026 Pavilion G - Auditorium,Furniture Deployment,Emergency corridor clearance,Storage corner,Review sparse hierarchy assignment,Simulated note: verification can proceed after handoff evidence.,Pavilion coordinator,Not Started,Yes,No,2026-04-14T06:00,Infrastructure,48 hours,Complete
SOFA 2026 Pavilion A - Immersive Experiences,Safety Inspection,Stand readiness,Storage corner,Confirm implementation tracking milestone,Simulated note: pending site confirmation with operations lead.,Implementation tracker,In Progress,No,No,2026-04-14T20:49,Exhibitor Services,40 hours,On Track
SOFA 2026 Pavilion B - Artist Alley,Queue Management,Equipment reception,Public-facing desk,Check verification workflow status,Simulated note: no production source connected in this public dataset.,Operational audit analyst,Planned,No,No,2026-06-03T22:17,Operations Control,48 hours,Blocked
SOFA 2026 Pavilion C - Esports Arena,,Stand readiness,Back wall,Document operational audit evidence,Simulated note: dependency requires module-level review.,Implementation tracker,Implemented,No,No,2026-05-15T07:52,Venue Logistics,30 hours,On Track
